DATAFLOW,FREQ,ADJUSTMENT,CLASSE_ETA,ITTER107,SESSO,TIPO_DATO,EDI,TIME_PERIOD,OBS_VALUE,BREAK,CONF_STATUS,OBS_PRE_BREAK,OBS_STATUS,BASE_PER,UNIT_MEAS,UNIT_MULT,METADATA_EN,METADATA_IT
IT1:150_872(1.2),M,Y,Y15-64,IT,1,EMP_R,2025M1G30,01/01/2004,69.565099,,,,,,,,,
IT1:150_872(1.2),M,Y,Y15-64,IT,9,EMP_R,2025M1G30,01/01/2004,57.308221,,,,,,,,,
IT1:150_872(1.2),M,Y,Y15-64,IT,2,EMP_R,2025M1G30,01/01/2004,45.16391,,,,,,,,,
IT1:150_872(1.2),M,Y,Y15-64,IT,1,EMP_R,2025M1G30,01/02/2004,69.553018,,,,,,,,,
IT1:150_872(1.2),M,Y,Y15-64,IT,9,EMP_R,2025M1G30,01/02/2004,57.391932,,,,,,,,,
IT1:150_872(1.2),M,Y,Y15-64,IT,2,EMP_R,2025M1G30,01/02/2004,45.341544,,,,,,,,,
IT1:150_872(1.2),M,Y,Y15-64,IT,9,EMP_R,2025M1G30,01/03/2004,57.49108,,,,,,,,,
IT1:150_872(1.2),M,Y,Y15-64,IT,1,EMP_R,2025M1G30,01/03/2004,69.53736,,,,,,,,,
IT1:150_872(1.2),M,Y,Y15-64,IT,2,EMP_R,2025M1G30,01/03/2004,45.553972,,,,,,,,,
IT1:150_872(1.2),M,Y,Y15-64,IT,9,EMP_R,2025M1G30,01/04/2004,57.212161,,,,,,,,,
IT1:150_872(1.2),M,Y,Y15-64,IT,1,EMP_R,2025M1G30,01/04/2004,69.561859,,,,,,,,,
IT1:150_872(1.2),M,Y,Y15-64,IT,2,EMP_R,2025M1G30,01/04/2004,44.973666,,,,,,,,,
IT1:150_872(1.2),M,Y,Y15-64,IT,9,EMP_R,2025M1G30,01/05/2004,57.617954,,,,,,,,,
IT1:150_872(1.2),M,Y,Y15-64,IT,2,EMP_R,2025M1G30,01/05/2004,45.563108,,,,,,,,,
IT1:150_872(1.2),M,Y,Y15-64,IT,1,EMP_R,2025M1G30,01/05/2004,69.781468,,,,,,,,,
IT1:150_872(1.2),M,Y,Y15-64,IT,9,EMP_R,2025M1G30,01/06/2004,57.718438,,,,,,,,,
IT1:150_872(1.2),M,Y,Y15-64,IT,1,EMP_R,2025M1G30,01/06/2004,69.487406,,,,,,,,,
IT1:150_872(1.2),M,Y,Y15-64,IT,2,EMP_R,2025M1G30,01/06/2004,46.052916,,,,,,,,,
IT1:150_872(1.2),M,Y,Y15-64,IT,9,EMP_R,2025M1G30,01/07/2004,57.658835,,,,,,,,,
IT1:150_872(1.2),M,Y,Y15-64,IT,1,EMP_R,2025M1G30,01/07/2004,69.791837,,,,,,,,,
IT1:150_872(1.2),M,Y,Y15-64,IT,2,EMP_R,2025M1G30,01/07/2004,45.631197,,,,,,,,,
IT1:150_872(1.2),M,Y,Y15-64,IT,9,EMP_R,2025M1G30,01/08/2004,57.495753,,,,,,,,,
IT1:150_872(1.2),M,Y,Y15-64,IT,1,EMP_R,2025M1G30,01/08/2004,69.677407,,,,,,,,,
IT1:150_872(1.2),M,Y,Y15-64,IT,2,EMP_R,2025M1G30,01/08/2004,45.418366,,,,,,,,,
IT1:150_872(1.2),M,Y,Y15-64,IT,1,EMP_R,2025M1G30,01/09/2004,69.463841,,,,,,,,,
IT1:150_872(1.2),M,Y,Y15-64,IT,2,EMP_R,2025M1G30,01/09/2004,45.535253,,,,,,,,,
IT1:150_872(1.2),M,Y,Y15-64,IT,9,EMP_R,2025M1G30,01/09/2004,57.449103,,,,,,,,,
IT1:150_872(1.2),M,Y,Y15-64,IT,1,EMP_R,2025M1G30,01/10/2004,69.67527,,,,,,,,,
IT1:150_872(1.2),M,Y,Y15-64,IT,2,EMP_R,2025M1G30,01/10/2004,45.595139,,,,,,,,,
IT1:150_872(1.2),M,Y,Y15-64,IT,9,EMP_R,2025M1G30,01/10/2004,57.58524,,,,,,,,,
IT1:150_872(1.2),M,Y,Y15-64,IT,9,EMP_R,2025M1G30,01/11/2004,57.460603,,,,,,,,,
IT1:150_872(1.2),M,Y,Y15-64,IT,1,EMP_R,2025M1G30,01/11/2004,69.500191,,,,,,,,,
IT1:150_872(1.2),M,Y,Y15-64,IT,2,EMP_R,2025M1G30,01/11/2004,45.519122,,,,,,,,,
IT1:150_872(1.2),M,Y,Y15-64,IT,2,EMP_R,2025M1G30,01/12/2004,45.379031,,,,,,,,,
IT1:150_872(1.2),M,Y,Y15-64,IT,9,EMP_R,2025M1G30,01/12/2004,57.339485,,,,,,,,,
IT1:150_872(1.2),M,Y,Y15-64,IT,1,EMP_R,2025M1G30,01/12/2004,69.396774,,,,,,,,,
IT1:150_872(1.2),M,Y,Y15-64,IT,2,EMP_R,2025M1G30,01/01/2005,45.528728,,,,,,,,,
IT1:150_872(1.2),M,Y,Y15-64,IT,1,EMP_R,2025M1G30,01/01/2005,69.519592,,,,,,,,,
IT1:150_872(1.2),M,Y,Y15-64,IT,9,EMP_R,2025M1G30,01/01/2005,57.476583,,,,,,,,,
IT1:150_872(1.2),M,Y,Y15-64,IT,2,EMP_R,2025M1G30,01/02/2005,45.374496,,,,,,,,,
IT1:150_872(1.2),M,Y,Y15-64,IT,9,EMP_R,2025M1G30,01/02/2005,57.402749,,,,,,,,,
IT1:150_872(1.2),M,Y,Y15-64,IT,1,EMP_R,2025M1G30,01/02/2005,69.524927,,,,,,,,,
IT1:150_872(1.2),M,Y,Y15-64,IT,9,EMP_R,2025M1G30,01/03/2005,57.355413,,,,,,,,,
IT1:150_872(1.2),M,Y,Y15-64,IT,2,EMP_R,2025M1G30,01/03/2005,45.240968,,,,,,,,,
IT1:150_872(1.2),M,Y,Y15-64,IT,1,EMP_R,2025M1G30,01/03/2005,69.562658,,,,,,,,,
IT1:150_872(1.2),M,Y,Y15-64,IT,9,EMP_R,2025M1G30,01/04/2005,57.396008,,,,,,,,,
IT1:150_872(1.2),M,Y,Y15-64,IT,1,EMP_R,2025M1G30,01/04/2005,69.414306,,,,,,,,,
IT1:150_872(1.2),M,Y,Y15-64,IT,2,EMP_R,2025M1G30,01/04/2005,45.4674,,,,,,,,,
IT1:150_872(1.2),M,Y,Y15-64,IT,9,EMP_R,2025M1G30,01/05/2005,57.356257,,,,,,,,,
IT1:150_872(1.2),M,Y,Y15-64,IT,1,EMP_R,2025M1G30,01/05/2005,69.293729,,,,,,,,,
IT1:150_872(1.2),M,Y,Y15-64,IT,2,EMP_R,2025M1G30,01/05/2005,45.506476,,,,,,,,,
IT1:150_872(1.2),M,Y,Y15-64,IT,2,EMP_R,2025M1G30,01/06/2005,45.233403,,,,,,,,,
IT1:150_872(1.2),M,Y,Y15-64,IT,1,EMP_R,2025M1G30,01/06/2005,69.467371,,,,,,,,,
IT1:150_872(1.2),M,Y,Y15-64,IT,9,EMP_R,2025M1G30,01/06/2005,57.305771,,,,,,,,,
IT1:150_872(1.2),M,Y,Y15-64,IT,9,EMP_R,2025M1G30,01/07/2005,57.129115,,,,,,,,,
IT1:150_872(1.2),M,Y,Y15-64,IT,2,EMP_R,2025M1G30,01/07/2005,45.044125,,,,,,,,,
IT1:150_872(1.2),M,Y,Y15-64,IT,1,EMP_R,2025M1G30,01/07/2005,69.303173,,,,,,,,,
IT1:150_872(1.2),M,Y,Y15-64,IT,1,EMP_R,2025M1G30,01/08/2005,69.028349,,,,,,,,,
IT1:150_872(1.2),M,Y,Y15-64,IT,9,EMP_R,2025M1G30,01/08/2005,57.152975,,,,,,,,,
IT1:150_872(1.2),M,Y,Y15-64,IT,2,EMP_R,2025M1G30,01/08/2005,45.364031,,,,,,,,,
IT1:150_872(1.2),M,Y,Y15-64,IT,2,EMP_R,2025M1G30,01/09/2005,45.363519,,,,,,,,,
IT1:150_872(1.2),M,Y,Y15-64,IT,9,EMP_R,2025M1G30,01/09/2005,57.384639,,,,,,,,,
IT1:150_872(1.2),M,Y,Y15-64,IT,1,EMP_R,2025M1G30,01/09/2005,69.494272,,,,,,,,,
IT1:150_872(1.2),M,Y,Y15-64,IT,9,EMP_R,2025M1G30,01/10/2005,57.525151,,,,,,,,,
IT1:150_872(1.2),M,Y,Y15-64,IT,1,EMP_R,2025M1G30,01/10/2005,69.646975,,,,,,,,,
IT1:150_872(1.2),M,Y,Y15-64,IT,2,EMP_R,2025M1G30,01/10/2005,45.491924,,,,,,,,,
IT1:150_872(1.2),M,Y,Y15-64,IT,2,EMP_R,2025M1G30,01/11/2005,45.579937,,,,,,,,,
IT1:150_872(1.2),M,Y,Y15-64,IT,9,EMP_R,2025M1G30,01/11/2005,57.598467,,,,,,,,,
IT1:150_872(1.2),M,Y,Y15-64,IT,1,EMP_R,2025M1G30,01/11/2005,69.704921,,,,,,,,,
IT1:150_872(1.2),M,Y,Y15-64,IT,9,EMP_R,2025M1G30,01/12/2005,57.594265,,,,,,,,,
IT1:150_872(1.2),M,Y,Y15-64,IT,2,EMP_R,2025M1G30,01/12/2005,45.637879,,,,,,,,,
IT1:150_872(1.2),M,Y,Y15-64,IT,1,EMP_R,2025M1G30,01/12/2005,69.637974,,,,,,,,,
IT1:150_872(1.2),M,Y,Y15-64,IT,2,EMP_R,2025M1G30,01/01/2006,45.726427,,,,,,,,,
IT1:150_872(1.2),M,Y,Y15-64,IT,1,EMP_R,2025M1G30,01/01/2006,69.92086,,,,,,,,,
IT1:150_872(1.2),M,Y,Y15-64,IT,9,EMP_R,2025M1G30,01/01/2006,57.779647,,,,,,,,,
IT1:150_872(1.2),M,Y,Y15-64,IT,2,EMP_R,2025M1G30,01/02/2006,45.875563,,,,,,,,,
IT1:150_872(1.2),M,Y,Y15-64,IT,9,EMP_R,2025M1G30,01/02/2006,57.939104,,,,,,,,,
IT1:150_872(1.2),M,Y,Y15-64,IT,1,EMP_R,2025M1G30,01/02/2006,70.090526,,,,,,,,,
IT1:150_872(1.2),M,Y,Y15-64,IT,1,EMP_R,2025M1G30,01/03/2006,70.052353,,,,,,,,,
IT1:150_872(1.2),M,Y,Y15-64,IT,9,EMP_R,2025M1G30,01/03/2006,58.119872,,,,,,,,,
IT1:150_872(1.2),M,Y,Y15-64,IT,2,EMP_R,2025M1G30,01/03/2006,46.273179,,,,,,,,,
IT1:150_872(1.2),M,Y,Y15-64,IT,9,EMP_R,2025M1G30,01/04/2006,58.224653,,,,,,,,,
IT1:150_872(1.2),M,Y,Y15-64,IT,1,EMP_R,2025M1G30,01/04/2006,70.261359,,,,,,,,,
IT1:150_872(1.2),M,Y,Y15-64,IT,2,EMP_R,2025M1G30,01/04/2006,46.274521,,,,,,,,,
IT1:150_872(1.2),M,Y,Y15-64,IT,1,EMP_R,2025M1G30,01/05/2006,70.325053,,,,,,,,,
IT1:150_872(1.2),M,Y,Y15-64,IT,9,EMP_R,2025M1G30,01/05/2006,58.22142,,,,,,,,,
IT1:150_872(1.2),M,Y,Y15-64,IT,2,EMP_R,2025M1G30,01/05/2006,46.204566,,,,,,,,,
IT1:150_872(1.2),M,Y,Y15-64,IT,9,EMP_R,2025M1G30,01/06/2006,58.223772,,,,,,,,,
IT1:150_872(1.2),M,Y,Y15-64,IT,2,EMP_R,2025M1G30,01/06/2006,46.208498,,,,,,,,,
IT1:150_872(1.2),M,Y,Y15-64,IT,1,EMP_R,2025M1G30,01/06/2006,70.325903,,,,,,,,,
IT1:150_872(1.2),M,Y,Y15-64,IT,1,EMP_R,2025M1G30,01/07/2006,70.063051,,,,,,,,,
IT1:150_872(1.2),M,Y,Y15-64,IT,2,EMP_R,2025M1G30,01/07/2006,46.282573,,,,,,,,,
IT1:150_872(1.2),M,Y,Y15-64,IT,9,EMP_R,2025M1G30,01/07/2006,58.12975,,,,,,,,,
IT1:150_872(1.2),M,Y,Y15-64,IT,2,EMP_R,2025M1G30,01/08/2006,46.170038,,,,,,,,,
IT1:150_872(1.2),M,Y,Y15-64,IT,1,EMP_R,2025M1G30,01/08/2006,70.012104,,,,,,,,,
IT1:150_872(1.2),M,Y,Y15-64,IT,9,EMP_R,2025M1G30,01/08/2006,58.04769,,,,,,,,,
IT1:150_872(1.2),M,Y,Y15-64,IT,9,EMP_R,2025M1G30,01/09/2006,58.108285,,,,,,,,,
IT1:150_872(1.2),M,Y,Y15-64,IT,2,EMP_R,2025M1G30,01/09/2006,46.255899,,,,,,,,,
IT1:150_872(1.2),M,Y,Y15-64,IT,1,EMP_R,2025M1G30,01/09/2006,70.047705,,,,,,,,,
IT1:150_872(1.2),M,Y,Y15-64,IT,1,EMP_R,2025M1G30,01/10/2006,69.916466,,,,,,,,,
IT1:150_872(1.2),M,Y,Y15-64,IT,9,EMP_R,2025M1G30,01/10/2006,58.069965,,,,,,,,,
IT1:150_872(1.2),M,Y,Y15-64,IT,2,EMP_R,2025M1G30,01/10/2006,46.310291,,,,,,,,,
IT1:150_872(1.2),M,Y,Y15-64,IT,2,EMP_R,2025M1G30,01/11/2006,46.381419,,,,,,,,,
IT1:150_872(1.2),M,Y,Y15-64,IT,1,EMP_R,2025M1G30,01/11/2006,70.140276,,,,,,,,,
IT1:150_872(1.2),M,Y,Y15-64,IT,9,EMP_R,2025M1G30,01/11/2006,58.217126,,,,,,,,,
IT1:150_872(1.2),M,Y,Y15-64,IT,2,EMP_R,2025M1G30,01/12/2006,46.541808,,,,,,,,,
IT1:150_872(1.2),M,Y,Y15-64,IT,9,EMP_R,2025M1G30,01/12/2006,58.303805,,,,,,,,,
IT1:150_872(1.2),M,Y,Y15-64,IT,1,EMP_R,2025M1G30,01/12/2006,70.153191,,,,,,,,,
IT1:150_872(1.2),M,Y,Y15-64,IT,1,EMP_R,2025M1G30,01/01/2007,70.050534,,,,,,,,,
IT1:150_872(1.2),M,Y,Y15-64,IT,9,EMP_R,2025M1G30,01/01/2007,58.093816,,,,,,,,,
IT1:150_872(1.2),M,Y,Y15-64,IT,2,EMP_R,2025M1G30,01/01/2007,46.22549,,,,,,,,,
IT1:150_872(1.2),M,Y,Y15-64,IT,1,EMP_R,2025M1G30,01/02/2007,70.184859,,,,,,,,,
IT1:150_872(1.2),M,Y,Y15-64,IT,9,EMP_R,2025M1G30,01/02/2007,58.207643,,,,,,,,,
IT1:150_872(1.2),M,Y,Y15-64,IT,2,EMP_R,2025M1G30,01/02/2007,46.319405,,,,,,,,,
IT1:150_872(1.2),M,Y,Y15-64,IT,1,EMP_R,2025M1G30,01/03/2007,70.091941,,,,,,,,,
IT1:150_872(1.2),M,Y,Y15-64,IT,2,EMP_R,2025M1G30,01/03/2007,46.28185,,,,,,,,,
IT1:150_872(1.2),M,Y,Y15-64,IT,9,EMP_R,2025M1G30,01/03/2007,58.142013,,,,,,,,,
IT1:150_872(1.2),M,Y,Y15-64,IT,2,EMP_R,2025M1G30,01/04/2007,46.396087,,,,,,,,,
IT1:150_872(1.2),M,Y,Y15-64,IT,9,EMP_R,2025M1G30,01/04/2007,58.298458,,,,,,,,,
IT1:150_872(1.2),M,Y,Y15-64,IT,1,EMP_R,2025M1G30,01/04/2007,70.290833,,,,,,,,,
IT1:150_872(1.2),M,Y,Y15-64,IT,2,EMP_R,2025M1G30,01/05/2007,46.563507,,,,,,,,,
IT1:150_872(1.2),M,Y,Y15-64,IT,9,EMP_R,2025M1G30,01/05/2007,58.377111,,,,,,,,,
IT1:150_872(1.2),M,Y,Y15-64,IT,1,EMP_R,2025M1G30,01/05/2007,70.280474,,,,,,,,,
IT1:150_872(1.2),M,Y,Y15-64,IT,9,EMP_R,2025M1G30,01/06/2007,58.550449,,,,,,,,,
IT1:150_872(1.2),M,Y,Y15-64,IT,2,EMP_R,2025M1G30,01/06/2007,46.757555,,,,,,,,,
IT1:150_872(1.2),M,Y,Y15-64,IT,1,EMP_R,2025M1G30,01/06/2007,70.434482,,,,,,,,,
IT1:150_872(1.2),M,Y,Y15-64,IT,9,EMP_R,2025M1G30,01/07/2007,58.678735,,,,,,,,,
IT1:150_872(1.2),M,Y,Y15-64,IT,2,EMP_R,2025M1G30,01/07/2007,46.839973,,,,,,,,,
IT1:150_872(1.2),M,Y,Y15-64,IT,1,EMP_R,2025M1G30,01/07/2007,70.610726,,,,,,,,,
IT1:150_872(1.2),M,Y,Y15-64,IT,1,EMP_R,2025M1G30,01/08/2007,70.166613,,,,,,,,,
IT1:150_872(1.2),M,Y,Y15-64,IT,2,EMP_R,2025M1G30,01/08/2007,46.689523,,,,,,,,,
IT1:150_872(1.2),M,Y,Y15-64,IT,9,EMP_R,2025M1G30,01/08/2007,58.381106,,,,,,,,,
IT1:150_872(1.2),M,Y,Y15-64,IT,1,EMP_R,2025M1G30,01/09/2007,70.362886,,,,,,,,,
IT1:150_872(1.2),M,Y,Y15-64,IT,2,EMP_R,2025M1G30,01/09/2007,46.95889,,,,,,,,,
IT1:150_872(1.2),M,Y,Y15-64,IT,9,EMP_R,2025M1G30,01/09/2007,58.613091,,,,,,,,,
IT1:150_872(1.2),M,Y,Y15-64,IT,1,EMP_R,2025M1G30,01/10/2007,70.276808,,,,,,,,,
IT1:150_872(1.2),M,Y,Y15-64,IT,9,EMP_R,2025M1G30,01/10/2007,58.40699,,,,,,,,,
IT1:150_872(1.2),M,Y,Y15-64,IT,2,EMP_R,2025M1G30,01/10/2007,46.635687,,,,,,,,,
IT1:150_872(1.2),M,Y,Y15-64,IT,2,EMP_R,2025M1G30,01/11/2007,47.043284,,,,,,,,,
IT1:150_872(1.2),M,Y,Y15-64,IT,9,EMP_R,2025M1G30,01/11/2007,58.621566,,,,,,,,,
IT1:150_872(1.2),M,Y,Y15-64,IT,1,EMP_R,2025M1G30,01/11/2007,70.29844,,,,,,,,,
IT1:150_872(1.2),M,Y,Y15-64,IT,1,EMP_R,2025M1G30,01/12/2007,70.233717,,,,,,,,,
IT1:150_872(1.2),M,Y,Y15-64,IT,9,EMP_R,2025M1G30,01/12/2007,58.57401,,,,,,,,,
IT1:150_872(1.2),M,Y,Y15-64,IT,2,EMP_R,2025M1G30,01/12/2007,47.014499,,,,,,,,,
IT1:150_872(1.2),M,Y,Y15-64,IT,2,EMP_R,2025M1G30,01/01/2008,47.237976,,,,,,,,,
IT1:150_872(1.2),M,Y,Y15-64,IT,1,EMP_R,2025M1G30,01/01/2008,70.139174,,,,,,,,,
IT1:150_872(1.2),M,Y,Y15-64,IT,9,EMP_R,2025M1G30,01/01/2008,58.638592,,,,,,,,,
IT1:150_872(1.2),M,Y,Y15-64,IT,2,EMP_R,2025M1G30,01/02/2008,47.250808,,,,,,,,,
IT1:150_872(1.2),M,Y,Y15-64,IT,9,EMP_R,2025M1G30,01/02/2008,58.638428,,,,,,,,,
IT1:150_872(1.2),M,Y,Y15-64,IT,1,EMP_R,2025M1G30,01/02/2008,70.127916,,,,,,,,,
IT1:150_872(1.2),M,Y,Y15-64,IT,9,EMP_R,2025M1G30,01/03/2008,58.635609,,,,,,,,,
IT1:150_872(1.2),M,Y,Y15-64,IT,2,EMP_R,2025M1G30,01/03/2008,47.173356,,,,,,,,,
IT1:150_872(1.2),M,Y,Y15-64,IT,1,EMP_R,2025M1G30,01/03/2008,70.202102,,,,,,,,,
IT1:150_872(1.2),M,Y,Y15-64,IT,1,EMP_R,2025M1G30,01/04/2008,70.119791,,,,,,,,,
IT1:150_872(1.2),M,Y,Y15-64,IT,9,EMP_R,2025M1G30,01/04/2008,58.826484,,,,,,,,,
IT1:150_872(1.2),M,Y,Y15-64,IT,2,EMP_R,2025M1G30,01/04/2008,47.636535,,,,,,,,,
IT1:150_872(1.2),M,Y,Y15-64,IT,9,EMP_R,2025M1G30,01/05/2008,58.665452,,,,,,,,,
IT1:150_872(1.2),M,Y,Y15-64,IT,2,EMP_R,2025M1G30,01/05/2008,47.135356,,,,,,,,,
IT1:150_872(1.2),M,Y,Y15-64,IT,1,EMP_R,2025M1G30,01/05/2008,70.303713,,,,,,,,,
IT1:150_872(1.2),M,Y,Y15-64,IT,9,EMP_R,2025M1G30,01/06/2008,58.522615,,,,,,,,,
IT1:150_872(1.2),M,Y,Y15-64,IT,1,EMP_R,2025M1G30,01/06/2008,70.13219,,,,,,,,,
IT1:150_872(1.2),M,Y,Y15-64,IT,2,EMP_R,2025M1G30,01/06/2008,47.022756,,,,,,,,,
IT1:150_872(1.2),M,Y,Y15-64,IT,9,EMP_R,2025M1G30,01/07/2008,58.509972,,,,,,,,,
IT1:150_872(1.2),M,Y,Y15-64,IT,1,EMP_R,2025M1G30,01/07/2008,69.778358,,,,,,,,,
IT1:150_872(1.2),M,Y,Y15-64,IT,2,EMP_R,2025M1G30,01/07/2008,47.349742,,,,,,,,,
IT1:150_872(1.2),M,Y,Y15-64,IT,1,EMP_R,2025M1G30,01/08/2008,69.862568,,,,,,,,,
IT1:150_872(1.2),M,Y,Y15-64,IT,9,EMP_R,2025M1G30,01/08/2008,58.43998,,,,,,,,,
IT1:150_872(1.2),M,Y,Y15-64,IT,2,EMP_R,2025M1G30,01/08/2008,47.128399,,,,,,,,,
IT1:150_872(1.2),M,Y,Y15-64,IT,1,EMP_R,2025M1G30,01/09/2008,69.749946,,,,,,,,,
IT1:150_872(1.2),M,Y,Y15-64,IT,9,EMP_R,2025M1G30,01/09/2008,58.363401,,,,,,,,,
IT1:150_872(1.2),M,Y,Y15-64,IT,2,EMP_R,2025M1G30,01/09/2008,47.08931,,,,,,,,,
IT1:150_872(1.2),M,Y,Y15-64,IT,1,EMP_R,2025M1G30,01/10/2008,69.479776,,,,,,,,,
IT1:150_872(1.2),M,Y,Y15-64,IT,2,EMP_R,2025M1G30,01/10/2008,47.295398,,,,,,,,,
IT1:150_872(1.2),M,Y,Y15-64,IT,9,EMP_R,2025M1G30,01/10/2008,58.331739,,,,,,,,,
IT1:150_872(1.2),M,Y,Y15-64,IT,1,EMP_R,2025M1G30,01/11/2008,69.286639,,,,,,,,,
IT1:150_872(1.2),M,Y,Y15-64,IT,9,EMP_R,2025M1G30,01/11/2008,58.062764,,,,,,,,,
IT1:150_872(1.2),M,Y,Y15-64,IT,2,EMP_R,2025M1G30,01/11/2008,46.953041,,,,,,,,,
IT1:150_872(1.2),M,Y,Y15-64,IT,9,EMP_R,2025M1G30,01/12/2008,57.965578,,,,,,,,,
IT1:150_872(1.2),M,Y,Y15-64,IT,2,EMP_R,2025M1G30,01/12/2008,46.735347,,,,,,,,,
IT1:150_872(1.2),M,Y,Y15-64,IT,1,EMP_R,2025M1G30,01/12/2008,69.312808,,,,,,,,,
IT1:150_872(1.2),M,Y,Y15-64,IT,1,EMP_R,2025M1G30,01/01/2009,68.89465,,,,,,,,,
IT1:150_872(1.2),M,Y,Y15-64,IT,9,EMP_R,2025M1G30,01/01/2009,57.624965,,,,,,,,,
IT1:150_872(1.2),M,Y,Y15-64,IT,2,EMP_R,2025M1G30,01/01/2009,46.473406,,,,,,,,,
IT1:150_872(1.2),M,Y,Y15-64,IT,9,EMP_R,2025M1G30,01/02/2009,57.599665,,,,,,,,,
IT1:150_872(1.2),M,Y,Y15-64,IT,1,EMP_R,2025M1G30,01/02/2009,68.768779,,,,,,,,,
IT1:150_872(1.2),M,Y,Y15-64,IT,2,EMP_R,2025M1G30,01/02/2009,46.549188,,,,,,,,,
IT1:150_872(1.2),M,Y,Y15-64,IT,1,EMP_R,2025M1G30,01/03/2009,68.262028,,,,,,,,,
IT1:150_872(1.2),M,Y,Y15-64,IT,9,EMP_R,2025M1G30,01/03/2009,57.373096,,,,,,,,,
IT1:150_872(1.2),M,Y,Y15-64,IT,2,EMP_R,2025M1G30,01/03/2009,46.601075,,,,,,,,,
IT1:150_872(1.2),M,Y,Y15-64,IT,2,EMP_R,2025M1G30,01/04/2009,46.218047,,,,,,,,,
IT1:150_872(1.2),M,Y,Y15-64,IT,1,EMP_R,2025M1G30,01/04/2009,68.238072,,,,,,,,,
IT1:150_872(1.2),M,Y,Y15-64,IT,9,EMP_R,2025M1G30,01/04/2009,57.167688,,,,,,,,,
IT1:150_872(1.2),M,Y,Y15-64,IT,9,EMP_R,2025M1G30,01/05/2009,57.321969,,,,,,,,,
IT1:150_872(1.2),M,Y,Y15-64,IT,2,EMP_R,2025M1G30,01/05/2009,46.613061,,,,,,,,,
IT1:150_872(1.2),M,Y,Y15-64,IT,1,EMP_R,2025M1G30,01/05/2009,68.150677,,,,,,,,,
IT1:150_872(1.2),M,Y,Y15-64,IT,2,EMP_R,2025M1G30,01/06/2009,46.365678,,,,,,,,,
IT1:150_872(1.2),M,Y,Y15-64,IT,9,EMP_R,2025M1G30,01/06/2009,57.002856,,,,,,,,,
IT1:150_872(1.2),M,Y,Y15-64,IT,1,EMP_R,2025M1G30,01/06/2009,67.761082,,,,,,,,,
IT1:150_872(1.2),M,Y,Y15-64,IT,2,EMP_R,2025M1G30,01/07/2009,46.073979,,,,,,,,,
IT1:150_872(1.2),M,Y,Y15-64,IT,1,EMP_R,2025M1G30,01/07/2009,67.813216,,,,,,,,,
IT1:150_872(1.2),M,Y,Y15-64,IT,9,EMP_R,2025M1G30,01/07/2009,56.881343,,,,,,,,,
IT1:150_872(1.2),M,Y,Y15-64,IT,2,EMP_R,2025M1G30,01/08/2009,45.895525,,,,,,,,,
IT1:150_872(1.2),M,Y,Y15-64,IT,9,EMP_R,2025M1G30,01/08/2009,56.761753,,,,,,,,,
IT1:150_872(1.2),M,Y,Y15-64,IT,1,EMP_R,2025M1G30,01/08/2009,67.754858,,,,,,,,,
IT1:150_872(1.2),M,Y,Y15-64,IT,1,EMP_R,2025M1G30,01/09/2009,67.044896,,,,,,,,,
IT1:150_872(1.2),M,Y,Y15-64,IT,2,EMP_R,2025M1G30,01/09/2009,45.972643,,,,,,,,,
IT1:150_872(1.2),M,Y,Y15-64,IT,9,EMP_R,2025M1G30,01/09/2009,56.446642,,,,,,,,,
IT1:150_872(1.2),M,Y,Y15-64,IT,2,EMP_R,2025M1G30,01/10/2009,46.00712,,,,,,,,,
IT1:150_872(1.2),M,Y,Y15-64,IT,9,EMP_R,2025M1G30,01/10/2009,56.554266,,,,,,,,,
IT1:150_872(1.2),M,Y,Y15-64,IT,1,EMP_R,2025M1G30,01/10/2009,67.229184,,,,,,,,,
IT1:150_872(1.2),M,Y,Y15-64,IT,9,EMP_R,2025M1G30,01/11/2009,56.358966,,,,,,,,,
IT1:150_872(1.2),M,Y,Y15-64,IT,1,EMP_R,2025M1G30,01/11/2009,67.26254,,,,,,,,,
IT1:150_872(1.2),M,Y,Y15-64,IT,2,EMP_R,2025M1G30,01/11/2009,45.587396,,,,,,,,,
IT1:150_872(1.2),M,Y,Y15-64,IT,9,EMP_R,2025M1G30,01/12/2009,56.33947,,,,,,,,,
IT1:150_872(1.2),M,Y,Y15-64,IT,2,EMP_R,2025M1G30,01/12/2009,45.82035,,,,,,,,,
IT1:150_872(1.2),M,Y,Y15-64,IT,1,EMP_R,2025M1G30,01/12/2009,66.989223,,,,,,,,,
IT1:150_872(1.2),M,Y,Y15-64,IT,1,EMP_R,2025M1G30,01/01/2010,67.324954,,,,,,,,,
IT1:150_872(1.2),M,Y,Y15-64,IT,2,EMP_R,2025M1G30,01/01/2010,45.856485,,,,,,,,,
IT1:150_872(1.2),M,Y,Y15-64,IT,9,EMP_R,2025M1G30,01/01/2010,56.523421,,,,,,,,,
IT1:150_872(1.2),M,Y,Y15-64,IT,9,EMP_R,2025M1G30,01/02/2010,56.287108,,,,,,,,,
IT1:150_872(1.2),M,Y,Y15-64,IT,2,EMP_R,2025M1G30,01/02/2010,45.575172,,,,,,,,,
IT1:150_872(1.2),M,Y,Y15-64,IT,1,EMP_R,2025M1G30,01/02/2010,67.135557,,,,,,,,,
IT1:150_872(1.2),M,Y,Y15-64,IT,2,EMP_R,2025M1G30,01/03/2010,45.605845,,,,,,,,,
IT1:150_872(1.2),M,Y,Y15-64,IT,9,EMP_R,2025M1G30,01/03/2010,56.24971,,,,,,,,,
IT1:150_872(1.2),M,Y,Y15-64,IT,1,EMP_R,2025M1G30,01/03/2010,67.031167,,,,,,,,,
IT1:150_872(1.2),M,Y,Y15-64,IT,2,EMP_R,2025M1G30,01/04/2010,46.011201,,,,,,,,,
IT1:150_872(1.2),M,Y,Y15-64,IT,1,EMP_R,2025M1G30,01/04/2010,66.964317,,,,,,,,,
IT1:150_872(1.2),M,Y,Y15-64,IT,9,EMP_R,2025M1G30,01/04/2010,56.41965,,,,,,,,,
IT1:150_872(1.2),M,Y,Y15-64,IT,2,EMP_R,2025M1G30,01/05/2010,45.704714,,,,,,,,,
IT1:150_872(1.2),M,Y,Y15-64,IT,9,EMP_R,2025M1G30,01/05/2010,56.230806,,,,,,,,,
IT1:150_872(1.2),M,Y,Y15-64,IT,1,EMP_R,2025M1G30,01/05/2010,66.896518,,,,,,,,,
IT1:150_872(1.2),M,Y,Y15-64,IT,9,EMP_R,2025M1G30,01/06/2010,56.165431,,,,,,,,,
IT1:150_872(1.2),M,Y,Y15-64,IT,1,EMP_R,2025M1G30,01/06/2010,66.504554,,,,,,,,,
IT1:150_872(1.2),M,Y,Y15-64,IT,2,EMP_R,2025M1G30,01/06/2010,45.964082,,,,,,,,,
IT1:150_872(1.2),M,Y,Y15-64,IT,2,EMP_R,2025M1G30,01/07/2010,45.869664,,,,,,,,,
IT1:150_872(1.2),M,Y,Y15-64,IT,9,EMP_R,2025M1G30,01/07/2010,56.098591,,,,,,,,,
IT1:150_872(1.2),M,Y,Y15-64,IT,1,EMP_R,2025M1G30,01/07/2010,66.467712,,,,,,,,,
IT1:150_872(1.2),M,Y,Y15-64,IT,1,EMP_R,2025M1G30,01/08/2010,66.103526,,,,,,,,,
IT1:150_872(1.2),M,Y,Y15-64,IT,2,EMP_R,2025M1G30,01/08/2010,46.024965,,,,,,,,,
IT1:150_872(1.2),M,Y,Y15-64,IT,9,EMP_R,2025M1G30,01/08/2010,55.994818,,,,,,,,,
IT1:150_872(1.2),M,Y,Y15-64,IT,2,EMP_R,2025M1G30,01/09/2010,45.936165,,,,,,,,,
IT1:150_872(1.2),M,Y,Y15-64,IT,9,EMP_R,2025M1G30,01/09/2010,56.291523,,,,,,,,,
IT1:150_872(1.2),M,Y,Y15-64,IT,1,EMP_R,2025M1G30,01/09/2010,66.793606,,,,,,,,,
IT1:150_872(1.2),M,Y,Y15-64,IT,2,EMP_R,2025M1G30,01/10/2010,45.702591,,,,,,,,,
IT1:150_872(1.2),M,Y,Y15-64,IT,9,EMP_R,2025M1G30,01/10/2010,56.205555,,,,,,,,,
IT1:150_872(1.2),M,Y,Y15-64,IT,1,EMP_R,2025M1G30,01/10/2010,66.85956,,,,,,,,,
IT1:150_872(1.2),M,Y,Y15-64,IT,9,EMP_R,2025M1G30,01/11/2010,56.387998,,,,,,,,,
IT1:150_872(1.2),M,Y,Y15-64,IT,1,EMP_R,2025M1G30,01/11/2010,66.520497,,,,,,,,,
IT1:150_872(1.2),M,Y,Y15-64,IT,2,EMP_R,2025M1G30,01/11/2010,46.401202,,,,,,,,,
IT1:150_872(1.2),M,Y,Y15-64,IT,1,EMP_R,2025M1G30,01/12/2010,66.839779,,,,,,,,,
IT1:150_872(1.2),M,Y,Y15-64,IT,2,EMP_R,2025M1G30,01/12/2010,46.16686,,,,,,,,,
IT1:150_872(1.2),M,Y,Y15-64,IT,9,EMP_R,2025M1G30,01/12/2010,56.427383,,,,,,,,,
IT1:150_872(1.2),M,Y,Y15-64,IT,9,EMP_R,2025M1G30,01/01/2011,56.275114,,,,,,,,,
IT1:150_872(1.2),M,Y,Y15-64,IT,2,EMP_R,2025M1G30,01/01/2011,46.016845,,,,,,,,,
IT1:150_872(1.2),M,Y,Y15-64,IT,1,EMP_R,2025M1G30,01/01/2011,66.687576,,,,,,,,,
IT1:150_872(1.2),M,Y,Y15-64,IT,9,EMP_R,2025M1G30,01/02/2011,56.361951,,,,,,,,,
IT1:150_872(1.2),M,Y,Y15-64,IT,1,EMP_R,2025M1G30,01/02/2011,66.707448,,,,,,,,,
IT1:150_872(1.2),M,Y,Y15-64,IT,2,EMP_R,2025M1G30,01/02/2011,46.171647,,,,,,,,,
IT1:150_872(1.2),M,Y,Y15-64,IT,2,EMP_R,2025M1G30,01/03/2011,46.428025,,,,,,,,,
IT1:150_872(1.2),M,Y,Y15-64,IT,9,EMP_R,2025M1G30,01/03/2011,56.667122,,,,,,,,,
IT1:150_872(1.2),M,Y,Y15-64,IT,1,EMP_R,2025M1G30,01/03/2011,67.06481,,,,,,,,,
IT1:150_872(1.2),M,Y,Y15-64,IT,1,EMP_R,2025M1G30,01/04/2011,66.794632,,,,,,,,,
IT1:150_872(1.2),M,Y,Y15-64,IT,2,EMP_R,2025M1G30,01/04/2011,46.145432,,,,,,,,,
IT1:150_872(1.2),M,Y,Y15-64,IT,9,EMP_R,2025M1G30,01/04/2011,56.389875,,,,,,,,,
IT1:150_872(1.2),M,Y,Y15-64,IT,2,EMP_R,2025M1G30,01/05/2011,46.267151,,,,,,,,,
IT1:150_872(1.2),M,Y,Y15-64,IT,1,EMP_R,2025M1G30,01/05/2011,66.702633,,,,,,,,,
IT1:150_872(1.2),M,Y,Y15-64,IT,9,EMP_R,2025M1G30,01/05/2011,56.404512,,,,,,,,,
IT1:150_872(1.2),M,Y,Y15-64,IT,1,EMP_R,2025M1G30,01/06/2011,66.759181,,,,,,,,,
IT1:150_872(1.2),M,Y,Y15-64,IT,2,EMP_R,2025M1G30,01/06/2011,46.138517,,,,,,,,,
IT1:150_872(1.2),M,Y,Y15-64,IT,9,EMP_R,2025M1G30,01/06/2011,56.367193,,,,,,,,,
IT1:150_872(1.2),M,Y,Y15-64,IT,9,EMP_R,2025M1G30,01/07/2011,56.427321,,,,,,,,,
IT1:150_872(1.2),M,Y,Y15-64,IT,2,EMP_R,2025M1G30,01/07/2011,46.309417,,,,,,,,,
IT1:150_872(1.2),M,Y,Y15-64,IT,1,EMP_R,2025M1G30,01/07/2011,66.70726,,,,,,,,,
IT1:150_872(1.2),M,Y,Y15-64,IT,1,EMP_R,2025M1G30,01/08/2011,66.37304,,,,,,,,,
IT1:150_872(1.2),M,Y,Y15-64,IT,2,EMP_R,2025M1G30,01/08/2011,46.374252,,,,,,,,,
IT1:150_872(1.2),M,Y,Y15-64,IT,9,EMP_R,2025M1G30,01/08/2011,56.293817,,,,,,,,,
IT1:150_872(1.2),M,Y,Y15-64,IT,1,EMP_R,2025M1G30,01/09/2011,66.37024,,,,,,,,,
IT1:150_872(1.2),M,Y,Y15-64,IT,9,EMP_R,2025M1G30,01/09/2011,56.135988,,,,,,,,,
IT1:150_872(1.2),M,Y,Y15-64,IT,2,EMP_R,2025M1G30,01/09/2011,46.064385,,,,,,,,,
IT1:150_872(1.2),M,Y,Y15-64,IT,1,EMP_R,2025M1G30,01/10/2011,66.43326,,,,,,,,,
IT1:150_872(1.2),M,Y,Y15-64,IT,9,EMP_R,2025M1G30,01/10/2011,56.388828,,,,,,,,,
IT1:150_872(1.2),M,Y,Y15-64,IT,2,EMP_R,2025M1G30,01/10/2011,46.504721,,,,,,,,,
IT1:150_872(1.2),M,Y,Y15-64,IT,2,EMP_R,2025M1G30,01/11/2011,46.209305,,,,,,,,,
IT1:150_872(1.2),M,Y,Y15-64,IT,9,EMP_R,2025M1G30,01/11/2011,56.158194,,,,,,,,,
IT1:150_872(1.2),M,Y,Y15-64,IT,1,EMP_R,2025M1G30,01/11/2011,66.269174,,,,,,,,,
IT1:150_872(1.2),M,Y,Y15-64,IT,2,EMP_R,2025M1G30,01/12/2011,46.692363,,,,,,,,,
IT1:150_872(1.2),M,Y,Y15-64,IT,1,EMP_R,2025M1G30,01/12/2011,65.910525,,,,,,,,,
IT1:150_872(1.2),M,Y,Y15-64,IT,9,EMP_R,2025M1G30,01/12/2011,56.223504,,,,,,,,,
IT1:150_872(1.2),M,Y,Y15-64,IT,9,EMP_R,2025M1G30,01/01/2012,56.251292,,,,,,,,,
IT1:150_872(1.2),M,Y,Y15-64,IT,1,EMP_R,2025M1G30,01/01/2012,65.936197,,,,,,,,,
IT1:150_872(1.2),M,Y,Y15-64,IT,2,EMP_R,2025M1G30,01/01/2012,46.721612,,,,,,,,,
IT1:150_872(1.2),M,Y,Y15-64,IT,1,EMP_R,2025M1G30,01/02/2012,66.035785,,,,,,,,,
IT1:150_872(1.2),M,Y,Y15-64,IT,2,EMP_R,2025M1G30,01/02/2012,46.509999,,,,,,,,,
IT1:150_872(1.2),M,Y,Y15-64,IT,9,EMP_R,2025M1G30,01/02/2012,56.193554,,,,,,,,,
IT1:150_872(1.2),M,Y,Y15-64,IT,1,EMP_R,2025M1G30,01/03/2012,65.732271,,,,,,,,,
IT1:150_872(1.2),M,Y,Y15-64,IT,2,EMP_R,2025M1G30,01/03/2012,46.617506,,,,,,,,,
IT1:150_872(1.2),M,Y,Y15-64,IT,9,EMP_R,2025M1G30,01/03/2012,56.097089,,,,,,,,,
IT1:150_872(1.2),M,Y,Y15-64,IT,1,EMP_R,2025M1G30,01/04/2012,65.759127,,,,,,,,,
IT1:150_872(1.2),M,Y,Y15-64,IT,9,EMP_R,2025M1G30,01/04/2012,56.185034,,,,,,,,,
IT1:150_872(1.2),M,Y,Y15-64,IT,2,EMP_R,2025M1G30,01/04/2012,46.765902,,,,,,,,,
IT1:150_872(1.2),M,Y,Y15-64,IT,2,EMP_R,2025M1G30,01/05/2012,46.938657,,,,,,,,,
IT1:150_872(1.2),M,Y,Y15-64,IT,1,EMP_R,2025M1G30,01/05/2012,65.71253,,,,,,,,,
IT1:150_872(1.2),M,Y,Y15-64,IT,9,EMP_R,2025M1G30,01/05/2012,56.248733,,,,,,,,,
IT1:150_872(1.2),M,Y,Y15-64,IT,2,EMP_R,2025M1G30,01/06/2012,46.813497,,,,,,,,,
IT1:150_872(1.2),M,Y,Y15-64,IT,9,EMP_R,2025M1G30,01/06/2012,56.179179,,,,,,,,,
IT1:150_872(1.2),M,Y,Y15-64,IT,1,EMP_R,2025M1G30,01/06/2012,65.69836,,,,,,,,,
IT1:150_872(1.2),M,Y,Y15-64,IT,2,EMP_R,2025M1G30,01/07/2012,46.804316,,,,,,,,,
IT1:150_872(1.2),M,Y,Y15-64,IT,9,EMP_R,2025M1G30,01/07/2012,56.075689,,,,,,,,,
IT1:150_872(1.2),M,Y,Y15-64,IT,1,EMP_R,2025M1G30,01/07/2012,65.500751,,,,,,,,,
IT1:150_872(1.2),M,Y,Y15-64,IT,9,EMP_R,2025M1G30,01/08/2012,55.891191,,,,,,,,,
IT1:150_872(1.2),M,Y,Y15-64,IT,2,EMP_R,2025M1G30,01/08/2012,46.441407,,,,,,,,,
IT1:150_872(1.2),M,Y,Y15-64,IT,1,EMP_R,2025M1G30,01/08/2012,65.496806,,,,,,,,,
IT1:150_872(1.2),M,Y,Y15-64,IT,1,EMP_R,2025M1G30,01/09/2012,64.980917,,,,,,,,,
IT1:150_872(1.2),M,Y,Y15-64,IT,9,EMP_R,2025M1G30,01/09/2012,55.921228,,,,,,,,,
IT1:150_872(1.2),M,Y,Y15-64,IT,2,EMP_R,2025M1G30,01/09/2012,47.007419,,,,,,,,,
IT1:150_872(1.2),M,Y,Y15-64,IT,2,EMP_R,2025M1G30,01/10/2012,46.788436,,,,,,,,,
IT1:150_872(1.2),M,Y,Y15-64,IT,1,EMP_R,2025M1G30,01/10/2012,65.041648,,,,,,,,,
IT1:150_872(1.2),M,Y,Y15-64,IT,9,EMP_R,2025M1G30,01/10/2012,55.841227,,,,,,,,,
IT1:150_872(1.2),M,Y,Y15-64,IT,2,EMP_R,2025M1G30,01/11/2012,46.549913,,,,,,,,,
IT1:150_872(1.2),M,Y,Y15-64,IT,1,EMP_R,2025M1G30,01/11/2012,64.922493,,,,,,,,,
IT1:150_872(1.2),M,Y,Y15-64,IT,9,EMP_R,2025M1G30,01/11/2012,55.662546,,,,,,,,,
IT1:150_872(1.2),M,Y,Y15-64,IT,9,EMP_R,2025M1G30,01/12/2012,55.546267,,,,,,,,,
IT1:150_872(1.2),M,Y,Y15-64,IT,2,EMP_R,2025M1G30,01/12/2012,46.510422,,,,,,,,,
IT1:150_872(1.2),M,Y,Y15-64,IT,1,EMP_R,2025M1G30,01/12/2012,64.727341,,,,,,,,,
IT1:150_872(1.2),M,Y,Y15-64,IT,2,EMP_R,2025M1G30,01/01/2013,46.441784,,,,,,,,,
IT1:150_872(1.2),M,Y,Y15-64,IT,1,EMP_R,2025M1G30,01/01/2013,64.318113,,,,,,,,,
IT1:150_872(1.2),M,Y,Y15-64,IT,9,EMP_R,2025M1G30,01/01/2013,55.309274,,,,,,,,,
IT1:150_872(1.2),M,Y,Y15-64,IT,9,EMP_R,2025M1G30,01/02/2013,55.318833,,,,,,,,,
IT1:150_872(1.2),M,Y,Y15-64,IT,1,EMP_R,2025M1G30,01/02/2013,64.458582,,,,,,,,,
IT1:150_872(1.2),M,Y,Y15-64,IT,2,EMP_R,2025M1G30,01/02/2013,46.321705,,,,,,,,,
IT1:150_872(1.2),M,Y,Y15-64,IT,1,EMP_R,2025M1G30,01/03/2013,64.054145,,,,,,,,,
IT1:150_872(1.2),M,Y,Y15-64,IT,2,EMP_R,2025M1G30,01/03/2013,46.180918,,,,,,,,,
IT1:150_872(1.2),M,Y,Y15-64,IT,9,EMP_R,2025M1G30,01/03/2013,55.047816,,,,,,,,,
IT1:150_872(1.2),M,Y,Y15-64,IT,2,EMP_R,2025M1G30,01/04/2013,46.322568,,,,,,,,,
IT1:150_872(1.2),M,Y,Y15-64,IT,1,EMP_R,2025M1G30,01/04/2013,63.940783,,,,,,,,,
IT1:150_872(1.2),M,Y,Y15-64,IT,9,EMP_R,2025M1G30,01/04/2013,55.063289,,,,,,,,,
IT1:150_872(1.2),M,Y,Y15-64,IT,1,EMP_R,2025M1G30,01/05/2013,63.693081,,,,,,,,,
IT1:150_872(1.2),M,Y,Y15-64,IT,2,EMP_R,2025M1G30,01/05/2013,46.250661,,,,,,,,,
IT1:150_872(1.2),M,Y,Y15-64,IT,9,EMP_R,2025M1G30,01/05/2013,54.904816,,,,,,,,,
IT1:150_872(1.2),M,Y,Y15-64,IT,9,EMP_R,2025M1G30,01/06/2013,54.935285,,,,,,,,,
IT1:150_872(1.2),M,Y,Y15-64,IT,2,EMP_R,2025M1G30,01/06/2013,46.179377,,,,,,,,,
IT1:150_872(1.2),M,Y,Y15-64,IT,1,EMP_R,2025M1G30,01/06/2013,63.826152,,,,,,,,,
IT1:150_872(1.2),M,Y,Y15-64,IT,2,EMP_R,2025M1G30,01/07/2013,46.237726,,,,,,,,,
IT1:150_872(1.2),M,Y,Y15-64,IT,9,EMP_R,2025M1G30,01/07/2013,54.908061,,,,,,,,,
IT1:150_872(1.2),M,Y,Y15-64,IT,1,EMP_R,2025M1G30,01/07/2013,63.715443,,,,,,,,,
IT1:150_872(1.2),M,Y,Y15-64,IT,9,EMP_R,2025M1G30,01/08/2013,54.914398,,,,,,,,,
IT1:150_872(1.2),M,Y,Y15-64,IT,2,EMP_R,2025M1G30,01/08/2013,46.452032,,,,,,,,,
IT1:150_872(1.2),M,Y,Y15-64,IT,1,EMP_R,2025M1G30,01/08/2013,63.509797,,,,,,,,,
IT1:150_872(1.2),M,Y,Y15-64,IT,2,EMP_R,2025M1G30,01/09/2013,45.899231,,,,,,,,,
IT1:150_872(1.2),M,Y,Y15-64,IT,9,EMP_R,2025M1G30,01/09/2013,54.729378,,,,,,,,,
IT1:150_872(1.2),M,Y,Y15-64,IT,1,EMP_R,2025M1G30,01/09/2013,63.697633,,,,,,,,,
IT1:150_872(1.2),M,Y,Y15-64,IT,1,EMP_R,2025M1G30,01/10/2013,63.871322,,,,,,,,,
IT1:150_872(1.2),M,Y,Y15-64,IT,9,EMP_R,2025M1G30,01/10/2013,54.931638,,,,,,,,,
IT1:150_872(1.2),M,Y,Y15-64,IT,2,EMP_R,2025M1G30,01/10/2013,46.128744,,,,,,,,,
IT1:150_872(1.2),M,Y,Y15-64,IT,2,EMP_R,2025M1G30,01/11/2013,46.335663,,,,,,,,,
IT1:150_872(1.2),M,Y,Y15-64,IT,1,EMP_R,2025M1G30,01/11/2013,63.79102,,,,,,,,,
IT1:150_872(1.2),M,Y,Y15-64,IT,9,EMP_R,2025M1G30,01/11/2013,54.99643,,,,,,,,,
IT1:150_872(1.2),M,Y,Y15-64,IT,1,EMP_R,2025M1G30,01/12/2013,63.692337,,,,,,,,,
IT1:150_872(1.2),M,Y,Y15-64,IT,2,EMP_R,2025M1G30,01/12/2013,46.390872,,,,,,,,,
IT1:150_872(1.2),M,Y,Y15-64,IT,9,EMP_R,2025M1G30,01/12/2013,54.975837,,,,,,,,,
IT1:150_872(1.2),M,Y,Y15-64,IT,9,EMP_R,2025M1G30,01/01/2014,54.863265,,,,,,,,,
IT1:150_872(1.2),M,Y,Y15-64,IT,2,EMP_R,2025M1G30,01/01/2014,46.21072,,,,,,,,,
IT1:150_872(1.2),M,Y,Y15-64,IT,1,EMP_R,2025M1G30,01/01/2014,63.647601,,,,,,,,,
IT1:150_872(1.2),M,Y,Y15-64,IT,1,EMP_R,2025M1G30,01/02/2014,63.606923,,,,,,,,,
IT1:150_872(1.2),M,Y,Y15-64,IT,2,EMP_R,2025M1G30,01/02/2014,46.54227,,,,,,,,,
IT1:150_872(1.2),M,Y,Y15-64,IT,9,EMP_R,2025M1G30,01/02/2014,55.010636,,,,,,,,,
IT1:150_872(1.2),M,Y,Y15-64,IT,9,EMP_R,2025M1G30,01/03/2014,55.303403,,,,,,,,,
IT1:150_872(1.2),M,Y,Y15-64,IT,2,EMP_R,2025M1G30,01/03/2014,46.65629,,,,,,,,,
IT1:150_872(1.2),M,Y,Y15-64,IT,1,EMP_R,2025M1G30,01/03/2014,64.080168,,,,,,,,,
IT1:150_872(1.2),M,Y,Y15-64,IT,1,EMP_R,2025M1G30,01/04/2014,63.693636,,,,,,,,,
IT1:150_872(1.2),M,Y,Y15-64,IT,2,EMP_R,2025M1G30,01/04/2014,46.454299,,,,,,,,,
IT1:150_872(1.2),M,Y,Y15-64,IT,9,EMP_R,2025M1G30,01/04/2014,55.01027,,,,,,,,,
IT1:150_872(1.2),M,Y,Y15-64,IT,2,EMP_R,2025M1G30,01/05/2014,46.578959,,,,,,,,,
IT1:150_872(1.2),M,Y,Y15-64,IT,9,EMP_R,2025M1G30,01/05/2014,55.304979,,,,,,,,,
IT1:150_872(1.2),M,Y,Y15-64,IT,1,EMP_R,2025M1G30,01/05/2014,64.15991,,,,,,,,,
IT1:150_872(1.2),M,Y,Y15-64,IT,9,EMP_R,2025M1G30,01/06/2014,55.419223,,,,,,,,,
IT1:150_872(1.2),M,Y,Y15-64,IT,1,EMP_R,2025M1G30,01/06/2014,64.192644,,,,,,,,,
IT1:150_872(1.2),M,Y,Y15-64,IT,2,EMP_R,2025M1G30,01/06/2014,46.772982,,,,,,,,,
IT1:150_872(1.2),M,Y,Y15-64,IT,9,EMP_R,2025M1G30,01/07/2014,55.286065,,,,,,,,,
IT1:150_872(1.2),M,Y,Y15-64,IT,1,EMP_R,2025M1G30,01/07/2014,63.898861,,,,,,,,,
IT1:150_872(1.2),M,Y,Y15-64,IT,2,EMP_R,2025M1G30,01/07/2014,46.802508,,,,,,,,,
IT1:150_872(1.2),M,Y,Y15-64,IT,9,EMP_R,2025M1G30,01/08/2014,55.226283,,,,,,,,,
IT1:150_872(1.2),M,Y,Y15-64,IT,2,EMP_R,2025M1G30,01/08/2014,46.546059,,,,,,,,,
IT1:150_872(1.2),M,Y,Y15-64,IT,1,EMP_R,2025M1G30,01/08/2014,64.037959,,,,,,,,,
IT1:150_872(1.2),M,Y,Y15-64,IT,9,EMP_R,2025M1G30,01/09/2014,55.473458,,,,,,,,,
IT1:150_872(1.2),M,Y,Y15-64,IT,1,EMP_R,2025M1G30,01/09/2014,64.182075,,,,,,,,,
IT1:150_872(1.2),M,Y,Y15-64,IT,2,EMP_R,2025M1G30,01/09/2014,46.893984,,,,,,,,,
IT1:150_872(1.2),M,Y,Y15-64,IT,9,EMP_R,2025M1G30,01/10/2014,55.564867,,,,,,,,,
IT1:150_872(1.2),M,Y,Y15-64,IT,2,EMP_R,2025M1G30,01/10/2014,46.930466,,,,,,,,,
IT1:150_872(1.2),M,Y,Y15-64,IT,1,EMP_R,2025M1G30,01/10/2014,64.328614,,,,,,,,,
IT1:150_872(1.2),M,Y,Y15-64,IT,2,EMP_R,2025M1G30,01/11/2014,46.706489,,,,,,,,,
IT1:150_872(1.2),M,Y,Y15-64,IT,1,EMP_R,2025M1G30,01/11/2014,64.226768,,,,,,,,,
IT1:150_872(1.2),M,Y,Y15-64,IT,9,EMP_R,2025M1G30,01/11/2014,55.401648,,,,,,,,,
IT1:150_872(1.2),M,Y,Y15-64,IT,9,EMP_R,2025M1G30,01/12/2014,55.629069,,,,,,,,,
IT1:150_872(1.2),M,Y,Y15-64,IT,1,EMP_R,2025M1G30,01/12/2014,64.47623,,,,,,,,,
IT1:150_872(1.2),M,Y,Y15-64,IT,2,EMP_R,2025M1G30,01/12/2014,46.911658,,,,,,,,,
IT1:150_872(1.2),M,Y,Y15-64,IT,9,EMP_R,2025M1G30,01/01/2015,55.605315,,,,,,,,,
IT1:150_872(1.2),M,Y,Y15-64,IT,1,EMP_R,2025M1G30,01/01/2015,64.359077,,,,,,,,,
IT1:150_872(1.2),M,Y,Y15-64,IT,2,EMP_R,2025M1G30,01/01/2015,46.979327,,,,,,,,,
IT1:150_872(1.2),M,Y,Y15-64,IT,2,EMP_R,2025M1G30,01/02/2015,46.889811,,,,,,,,,
IT1:150_872(1.2),M,Y,Y15-64,IT,9,EMP_R,2025M1G30,01/02/2015,55.658817,,,,,,,,,
IT1:150_872(1.2),M,Y,Y15-64,IT,1,EMP_R,2025M1G30,01/02/2015,64.556873,,,,,,,,,
IT1:150_872(1.2),M,Y,Y15-64,IT,2,EMP_R,2025M1G30,01/03/2015,46.853631,,,,,,,,,
IT1:150_872(1.2),M,Y,Y15-64,IT,9,EMP_R,2025M1G30,01/03/2015,55.637829,,,,,,,,,
IT1:150_872(1.2),M,Y,Y15-64,IT,1,EMP_R,2025M1G30,01/03/2015,64.550508,,,,,,,,,
IT1:150_872(1.2),M,Y,Y15-64,IT,2,EMP_R,2025M1G30,01/04/2015,46.950365,,,,,,,,,
IT1:150_872(1.2),M,Y,Y15-64,IT,9,EMP_R,2025M1G30,01/04/2015,55.866297,,,,,,,,,
IT1:150_872(1.2),M,Y,Y15-64,IT,1,EMP_R,2025M1G30,01/04/2015,64.911905,,,,,,,,,
IT1:150_872(1.2),M,Y,Y15-64,IT,2,EMP_R,2025M1G30,01/05/2015,46.8315,,,,,,,,,
IT1:150_872(1.2),M,Y,Y15-64,IT,9,EMP_R,2025M1G30,01/05/2015,55.712235,,,,,,,,,
IT1:150_872(1.2),M,Y,Y15-64,IT,1,EMP_R,2025M1G30,01/05/2015,64.721415,,,,,,,,,
IT1:150_872(1.2),M,Y,Y15-64,IT,1,EMP_R,2025M1G30,01/06/2015,64.74754,,,,,,,,,
IT1:150_872(1.2),M,Y,Y15-64,IT,2,EMP_R,2025M1G30,01/06/2015,47.091317,,,,,,,,,
IT1:150_872(1.2),M,Y,Y15-64,IT,9,EMP_R,2025M1G30,01/06/2015,55.856808,,,,,,,,,
IT1:150_872(1.2),M,Y,Y15-64,IT,9,EMP_R,2025M1G30,01/07/2015,56.070455,,,,,,,,,
IT1:150_872(1.2),M,Y,Y15-64,IT,2,EMP_R,2025M1G30,01/07/2015,46.973696,,,,,,,,,
IT1:150_872(1.2),M,Y,Y15-64,IT,1,EMP_R,2025M1G30,01/07/2015,65.300398,,,,,,,,,
IT1:150_872(1.2),M,Y,Y15-64,IT,9,EMP_R,2025M1G30,01/08/2015,56.298302,,,,,,,,,
IT1:150_872(1.2),M,Y,Y15-64,IT,1,EMP_R,2025M1G30,01/08/2015,65.582645,,,,,,,,,
IT1:150_872(1.2),M,Y,Y15-64,IT,2,EMP_R,2025M1G30,01/08/2015,47.146083,,,,,,,,,
IT1:150_872(1.2),M,Y,Y15-64,IT,2,EMP_R,2025M1G30,01/09/2015,47.060043,,,,,,,,,
IT1:150_872(1.2),M,Y,Y15-64,IT,9,EMP_R,2025M1G30,01/09/2015,56.320809,,,,,,,,,
IT1:150_872(1.2),M,Y,Y15-64,IT,1,EMP_R,2025M1G30,01/09/2015,65.713828,,,,,,,,,
IT1:150_872(1.2),M,Y,Y15-64,IT,2,EMP_R,2025M1G30,01/10/2015,47.228189,,,,,,,,,
IT1:150_872(1.2),M,Y,Y15-64,IT,9,EMP_R,2025M1G30,01/10/2015,56.425175,,,,,,,,,
IT1:150_872(1.2),M,Y,Y15-64,IT,1,EMP_R,2025M1G30,01/10/2015,65.751446,,,,,,,,,
IT1:150_872(1.2),M,Y,Y15-64,IT,9,EMP_R,2025M1G30,01/11/2015,56.481042,,,,,,,,,
IT1:150_872(1.2),M,Y,Y15-64,IT,2,EMP_R,2025M1G30,01/11/2015,47.347461,,,,,,,,,
IT1:150_872(1.2),M,Y,Y15-64,IT,1,EMP_R,2025M1G30,01/11/2015,65.741434,,,,,,,,,
IT1:150_872(1.2),M,Y,Y15-64,IT,9,EMP_R,2025M1G30,01/12/2015,56.393288,,,,,,,,,
IT1:150_872(1.2),M,Y,Y15-64,IT,2,EMP_R,2025M1G30,01/12/2015,47.46198,,,,,,,,,
IT1:150_872(1.2),M,Y,Y15-64,IT,1,EMP_R,2025M1G30,01/12/2015,65.447093,,,,,,,,,
IT1:150_872(1.2),M,Y,Y15-64,IT,2,EMP_R,2025M1G30,01/01/2016,47.556416,,,,,,,,,
IT1:150_872(1.2),M,Y,Y15-64,IT,9,EMP_R,2025M1G30,01/01/2016,56.631588,,,,,,,,,
IT1:150_872(1.2),M,Y,Y15-64,IT,1,EMP_R,2025M1G30,01/01/2016,65.829417,,,,,,,,,
IT1:150_872(1.2),M,Y,Y15-64,IT,1,EMP_R,2025M1G30,01/02/2016,65.709542,,,,,,,,,
IT1:150_872(1.2),M,Y,Y15-64,IT,9,EMP_R,2025M1G30,01/02/2016,56.486555,,,,,,,,,
IT1:150_872(1.2),M,Y,Y15-64,IT,2,EMP_R,2025M1G30,01/02/2016,47.384952,,,,,,,,,
IT1:150_872(1.2),M,Y,Y15-64,IT,9,EMP_R,2025M1G30,01/03/2016,56.6967,,,,,,,,,
IT1:150_872(1.2),M,Y,Y15-64,IT,2,EMP_R,2025M1G30,01/03/2016,47.714403,,,,,,,,,
IT1:150_872(1.2),M,Y,Y15-64,IT,1,EMP_R,2025M1G30,01/03/2016,65.797026,,,,,,,,,
IT1:150_872(1.2),M,Y,Y15-64,IT,2,EMP_R,2025M1G30,01/04/2016,47.835255,,,,,,,,,
IT1:150_872(1.2),M,Y,Y15-64,IT,9,EMP_R,2025M1G30,01/04/2016,56.937121,,,,,,,,,
IT1:150_872(1.2),M,Y,Y15-64,IT,1,EMP_R,2025M1G30,01/04/2016,66.15685,,,,,,,,,
IT1:150_872(1.2),M,Y,Y15-64,IT,2,EMP_R,2025M1G30,01/05/2016,48.075702,,,,,,,,,
IT1:150_872(1.2),M,Y,Y15-64,IT,9,EMP_R,2025M1G30,01/05/2016,57.19405,,,,,,,,,
IT1:150_872(1.2),M,Y,Y15-64,IT,1,EMP_R,2025M1G30,01/05/2016,66.429005,,,,,,,,,
IT1:150_872(1.2),M,Y,Y15-64,IT,1,EMP_R,2025M1G30,01/06/2016,66.465166,,,,,,,,,
IT1:150_872(1.2),M,Y,Y15-64,IT,9,EMP_R,2025M1G30,01/06/2016,57.165345,,,,,,,,,
IT1:150_872(1.2),M,Y,Y15-64,IT,2,EMP_R,2025M1G30,01/06/2016,47.980496,,,,,,,,,
IT1:150_872(1.2),M,Y,Y15-64,IT,1,EMP_R,2025M1G30,01/07/2016,66.318072,,,,,,,,,
IT1:150_872(1.2),M,Y,Y15-64,IT,9,EMP_R,2025M1G30,01/07/2016,57.1391,,,,,,,,,
IT1:150_872(1.2),M,Y,Y15-64,IT,2,EMP_R,2025M1G30,01/07/2016,48.076934,,,,,,,,,
IT1:150_872(1.2),M,Y,Y15-64,IT,2,EMP_R,2025M1G30,01/08/2016,48.047458,,,,,,,,,
IT1:150_872(1.2),M,Y,Y15-64,IT,1,EMP_R,2025M1G30,01/08/2016,66.005,,,,,,,,,
IT1:150_872(1.2),M,Y,Y15-64,IT,9,EMP_R,2025M1G30,01/08/2016,56.969837,,,,,,,,,
IT1:150_872(1.2),M,Y,Y15-64,IT,9,EMP_R,2025M1G30,01/09/2016,57.258717,,,,,,,,,
IT1:150_872(1.2),M,Y,Y15-64,IT,1,EMP_R,2025M1G30,01/09/2016,66.350841,,,,,,,,,
IT1:150_872(1.2),M,Y,Y15-64,IT,2,EMP_R,2025M1G30,01/09/2016,48.277821,,,,,,,,,
IT1:150_872(1.2),M,Y,Y15-64,IT,1,EMP_R,2025M1G30,01/10/2016,66.428263,,,,,,,,,
IT1:150_872(1.2),M,Y,Y15-64,IT,2,EMP_R,2025M1G30,01/10/2016,48.188308,,,,,,,,,
IT1:150_872(1.2),M,Y,Y15-64,IT,9,EMP_R,2025M1G30,01/10/2016,57.253368,,,,,,,,,
IT1:150_872(1.2),M,Y,Y15-64,IT,1,EMP_R,2025M1G30,01/11/2016,66.331164,,,,,,,,,
IT1:150_872(1.2),M,Y,Y15-64,IT,9,EMP_R,2025M1G30,01/11/2016,57.253563,,,,,,,,,
IT1:150_872(1.2),M,Y,Y15-64,IT,2,EMP_R,2025M1G30,01/11/2016,48.282279,,,,,,,,,
IT1:150_872(1.2),M,Y,Y15-64,IT,2,EMP_R,2025M1G30,01/12/2016,48.342519,,,,,,,,,
IT1:150_872(1.2),M,Y,Y15-64,IT,1,EMP_R,2025M1G30,01/12/2016,66.717267,,,,,,,,,
IT1:150_872(1.2),M,Y,Y15-64,IT,9,EMP_R,2025M1G30,01/12/2016,57.477044,,,,,,,,,
IT1:150_872(1.2),M,Y,Y15-64,IT,1,EMP_R,2025M1G30,01/01/2017,66.786267,,,,,,,,,
IT1:150_872(1.2),M,Y,Y15-64,IT,9,EMP_R,2025M1G30,01/01/2017,57.540147,,,,,,,,,
IT1:150_872(1.2),M,Y,Y15-64,IT,2,EMP_R,2025M1G30,01/01/2017,48.397093,,,,,,,,,
IT1:150_872(1.2),M,Y,Y15-64,IT,9,EMP_R,2025M1G30,01/02/2017,57.673686,,,,,,,,,
IT1:150_872(1.2),M,Y,Y15-64,IT,1,EMP_R,2025M1G30,01/02/2017,66.749277,,,,,,,,,
IT1:150_872(1.2),M,Y,Y15-64,IT,2,EMP_R,2025M1G30,01/02/2017,48.696965,,,,,,,,,
IT1:150_872(1.2),M,Y,Y15-64,IT,2,EMP_R,2025M1G30,01/03/2017,48.603999,,,,,,,,,
IT1:150_872(1.2),M,Y,Y15-64,IT,1,EMP_R,2025M1G30,01/03/2017,66.684311,,,,,,,,,
IT1:150_872(1.2),M,Y,Y15-64,IT,9,EMP_R,2025M1G30,01/03/2017,57.595822,,,,,,,,,
IT1:150_872(1.2),M,Y,Y15-64,IT,2,EMP_R,2025M1G30,01/04/2017,48.598576,,,,,,,,,
IT1:150_872(1.2),M,Y,Y15-64,IT,9,EMP_R,2025M1G30,01/04/2017,57.692381,,,,,,,,,
IT1:150_872(1.2),M,Y,Y15-64,IT,1,EMP_R,2025M1G30,01/04/2017,66.881393,,,,,,,,,
IT1:150_872(1.2),M,Y,Y15-64,IT,1,EMP_R,2025M1G30,01/05/2017,66.556777,,,,,,,,,
IT1:150_872(1.2),M,Y,Y15-64,IT,9,EMP_R,2025M1G30,01/05/2017,57.548645,,,,,,,,,
IT1:150_872(1.2),M,Y,Y15-64,IT,2,EMP_R,2025M1G30,01/05/2017,48.631204,,,,,,,,,
IT1:150_872(1.2),M,Y,Y15-64,IT,1,EMP_R,2025M1G30,01/06/2017,66.725417,,,,,,,,,
IT1:150_872(1.2),M,Y,Y15-64,IT,2,EMP_R,2025M1G30,01/06/2017,48.965803,,,,,,,,,
IT1:150_872(1.2),M,Y,Y15-64,IT,9,EMP_R,2025M1G30,01/06/2017,57.801945,,,,,,,,,
IT1:150_872(1.2),M,Y,Y15-64,IT,1,EMP_R,2025M1G30,01/07/2017,66.95121,,,,,,,,,
IT1:150_872(1.2),M,Y,Y15-64,IT,2,EMP_R,2025M1G30,01/07/2017,48.862617,,,,,,,,,
IT1:150_872(1.2),M,Y,Y15-64,IT,9,EMP_R,2025M1G30,01/07/2017,57.860427,,,,,,,,,
IT1:150_872(1.2),M,Y,Y15-64,IT,2,EMP_R,2025M1G30,01/08/2017,49.115134,,,,,,,,,
IT1:150_872(1.2),M,Y,Y15-64,IT,1,EMP_R,2025M1G30,01/08/2017,66.869083,,,,,,,,,
IT1:150_872(1.2),M,Y,Y15-64,IT,9,EMP_R,2025M1G30,01/08/2017,57.947743,,,,,,,,,
IT1:150_872(1.2),M,Y,Y15-64,IT,9,EMP_R,2025M1G30,01/09/2017,58.043025,,,,,,,,,
IT1:150_872(1.2),M,Y,Y15-64,IT,2,EMP_R,2025M1G30,01/09/2017,49.13502,,,,,,,,,
IT1:150_872(1.2),M,Y,Y15-64,IT,1,EMP_R,2025M1G30,01/09/2017,67.037697,,,,,,,,,
IT1:150_872(1.2),M,Y,Y15-64,IT,1,EMP_R,2025M1G30,01/10/2017,67.026613,,,,,,,,,
IT1:150_872(1.2),M,Y,Y15-64,IT,9,EMP_R,2025M1G30,01/10/2017,58.046752,,,,,,,,,
IT1:150_872(1.2),M,Y,Y15-64,IT,2,EMP_R,2025M1G30,01/10/2017,49.150812,,,,,,,,,
IT1:150_872(1.2),M,Y,Y15-64,IT,9,EMP_R,2025M1G30,01/11/2017,58.349022,,,,,,,,,
IT1:150_872(1.2),M,Y,Y15-64,IT,1,EMP_R,2025M1G30,01/11/2017,67.329848,,,,,,,,,
IT1:150_872(1.2),M,Y,Y15-64,IT,2,EMP_R,2025M1G30,01/11/2017,49.449447,,,,,,,,,
IT1:150_872(1.2),M,Y,Y15-64,IT,2,EMP_R,2025M1G30,01/12/2017,49.138984,,,,,,,,,
IT1:150_872(1.2),M,Y,Y15-64,IT,9,EMP_R,2025M1G30,01/12/2017,58.017631,,,,,,,,,
IT1:150_872(1.2),M,Y,Y15-64,IT,1,EMP_R,2025M1G30,01/12/2017,66.974569,,,,,,,,,
IT1:150_872(1.2),M,Y,Y15-64,IT,1,EMP_R,2025M1G30,01/01/2018,66.925939,,,,,,,,,
IT1:150_872(1.2),M,Y,Y15-64,IT,9,EMP_R,2025M1G30,01/01/2018,58.051676,,,,,,,,,
IT1:150_872(1.2),M,Y,Y15-64,IT,2,EMP_R,2025M1G30,01/01/2018,49.252169,,,,,,,,,
IT1:150_872(1.2),M,Y,Y15-64,IT,2,EMP_R,2025M1G30,01/02/2018,49.260676,,,,,,,,,
IT1:150_872(1.2),M,Y,Y15-64,IT,9,EMP_R,2025M1G30,01/02/2018,58.140473,,,,,,,,,
IT1:150_872(1.2),M,Y,Y15-64,IT,1,EMP_R,2025M1G30,01/02/2018,67.093196,,,,,,,,,
IT1:150_872(1.2),M,Y,Y15-64,IT,9,EMP_R,2025M1G30,01/03/2018,58.3761,,,,,,,,,
IT1:150_872(1.2),M,Y,Y15-64,IT,1,EMP_R,2025M1G30,01/03/2018,67.556814,,,,,,,,,
IT1:150_872(1.2),M,Y,Y15-64,IT,2,EMP_R,2025M1G30,01/03/2018,49.26695,,,,,,,,,
IT1:150_872(1.2),M,Y,Y15-64,IT,1,EMP_R,2025M1G30,01/04/2018,67.47502,,,,,,,,,
IT1:150_872(1.2),M,Y,Y15-64,IT,2,EMP_R,2025M1G30,01/04/2018,49.493461,,,,,,,,,
IT1:150_872(1.2),M,Y,Y15-64,IT,9,EMP_R,2025M1G30,01/04/2018,58.450266,,,,,,,,,
IT1:150_872(1.2),M,Y,Y15-64,IT,9,EMP_R,2025M1G30,01/05/2018,58.727083,,,,,,,,,
IT1:150_872(1.2),M,Y,Y15-64,IT,2,EMP_R,2025M1G30,01/05/2018,49.803622,,,,,,,,,
IT1:150_872(1.2),M,Y,Y15-64,IT,1,EMP_R,2025M1G30,01/05/2018,67.715504,,,,,,,,,
IT1:150_872(1.2),M,Y,Y15-64,IT,2,EMP_R,2025M1G30,01/06/2018,49.684209,,,,,,,,,
IT1:150_872(1.2),M,Y,Y15-64,IT,9,EMP_R,2025M1G30,01/06/2018,58.632479,,,,,,,,,
IT1:150_872(1.2),M,Y,Y15-64,IT,1,EMP_R,2025M1G30,01/06/2018,67.643697,,,,,,,,,
IT1:150_872(1.2),M,Y,Y15-64,IT,1,EMP_R,2025M1G30,01/07/2018,67.651126,,,,,,,,,
IT1:150_872(1.2),M,Y,Y15-64,IT,2,EMP_R,2025M1G30,01/07/2018,49.426756,,,,,,,,,
IT1:150_872(1.2),M,Y,Y15-64,IT,9,EMP_R,2025M1G30,01/07/2018,58.50379,,,,,,,,,
IT1:150_872(1.2),M,Y,Y15-64,IT,9,EMP_R,2025M1G30,01/08/2018,58.603928,,,,,,,,,
IT1:150_872(1.2),M,Y,Y15-64,IT,1,EMP_R,2025M1G30,01/08/2018,67.609595,,,,,,,,,
IT1:150_872(1.2),M,Y,Y15-64,IT,2,EMP_R,2025M1G30,01/08/2018,49.665362,,,,,,,,,
IT1:150_872(1.2),M,Y,Y15-64,IT,1,EMP_R,2025M1G30,01/09/2018,67.64784,,,,,,,,,
IT1:150_872(1.2),M,Y,Y15-64,IT,2,EMP_R,2025M1G30,01/09/2018,49.547993,,,,,,,,,
IT1:150_872(1.2),M,Y,Y15-64,IT,9,EMP_R,2025M1G30,01/09/2018,58.565041,,,,,,,,,
IT1:150_872(1.2),M,Y,Y15-64,IT,9,EMP_R,2025M1G30,01/10/2018,58.684163,,,,,,,,,
IT1:150_872(1.2),M,Y,Y15-64,IT,2,EMP_R,2025M1G30,01/10/2018,49.795903,,,,,,,,,
IT1:150_872(1.2),M,Y,Y15-64,IT,1,EMP_R,2025M1G30,01/10/2018,67.635187,,,,,,,,,
IT1:150_872(1.2),M,Y,Y15-64,IT,9,EMP_R,2025M1G30,01/11/2018,58.516002,,,,,,,,,
IT1:150_872(1.2),M,Y,Y15-64,IT,1,EMP_R,2025M1G30,01/11/2018,67.50713,,,,,,,,,
IT1:150_872(1.2),M,Y,Y15-64,IT,2,EMP_R,2025M1G30,01/11/2018,49.585546,,,,,,,,,
IT1:150_872(1.2),M,Y,Y15-64,IT,1,EMP_R,2025M1G30,01/12/2018,67.611018,,,,,,,,,
IT1:150_872(1.2),M,Y,Y15-64,IT,9,EMP_R,2025M1G30,01/12/2018,58.68387,,,,,,,,,
IT1:150_872(1.2),M,Y,Y15-64,IT,2,EMP_R,2025M1G30,01/12/2018,49.815081,,,,,,,,,
IT1:150_872(1.2),M,Y,Y15-64,IT,1,EMP_R,2025M1G30,01/01/2019,67.479184,,,,,,,,,
IT1:150_872(1.2),M,Y,Y15-64,IT,9,EMP_R,2025M1G30,01/01/2019,58.646701,,,,,,,,,
IT1:150_872(1.2),M,Y,Y15-64,IT,2,EMP_R,2025M1G30,01/01/2019,49.869741,,,,,,,,,
IT1:150_872(1.2),M,Y,Y15-64,IT,2,EMP_R,2025M1G30,01/02/2019,49.837461,,,,,,,,,
IT1:150_872(1.2),M,Y,Y15-64,IT,1,EMP_R,2025M1G30,01/02/2019,67.575256,,,,,,,,,
IT1:150_872(1.2),M,Y,Y15-64,IT,9,EMP_R,2025M1G30,01/02/2019,58.679321,,,,,,,,,
IT1:150_872(1.2),M,Y,Y15-64,IT,1,EMP_R,2025M1G30,01/03/2019,67.736656,,,,,,,,,
IT1:150_872(1.2),M,Y,Y15-64,IT,9,EMP_R,2025M1G30,01/03/2019,58.988317,,,,,,,,,
IT1:150_872(1.2),M,Y,Y15-64,IT,2,EMP_R,2025M1G30,01/03/2019,50.2911,,,,,,,,,
IT1:150_872(1.2),M,Y,Y15-64,IT,1,EMP_R,2025M1G30,01/04/2019,67.882059,,,,,,,,,
IT1:150_872(1.2),M,Y,Y15-64,IT,2,EMP_R,2025M1G30,01/04/2019,50.327565,,,,,,,,,
IT1:150_872(1.2),M,Y,Y15-64,IT,9,EMP_R,2025M1G30,01/04/2019,59.080269,,,,,,,,,
IT1:150_872(1.2),M,Y,Y15-64,IT,1,EMP_R,2025M1G30,01/05/2019,68.126304,,,,,,,,,
IT1:150_872(1.2),M,Y,Y15-64,IT,9,EMP_R,2025M1G30,01/05/2019,59.158186,,,,,,,,,
IT1:150_872(1.2),M,Y,Y15-64,IT,2,EMP_R,2025M1G30,01/05/2019,50.238037,,,,,,,,,
IT1:150_872(1.2),M,Y,Y15-64,IT,9,EMP_R,2025M1G30,01/06/2019,59.35304,,,,,,,,,
IT1:150_872(1.2),M,Y,Y15-64,IT,1,EMP_R,2025M1G30,01/06/2019,68.276576,,,,,,,,,
IT1:150_872(1.2),M,Y,Y15-64,IT,2,EMP_R,2025M1G30,01/06/2019,50.477925,,,,,,,,,
IT1:150_872(1.2),M,Y,Y15-64,IT,1,EMP_R,2025M1G30,01/07/2019,68.142831,,,,,,,,,
IT1:150_872(1.2),M,Y,Y15-64,IT,2,EMP_R,2025M1G30,01/07/2019,50.258849,,,,,,,,,
IT1:150_872(1.2),M,Y,Y15-64,IT,9,EMP_R,2025M1G30,01/07/2019,59.172559,,,,,,,,,
IT1:150_872(1.2),M,Y,Y15-64,IT,1,EMP_R,2025M1G30,01/08/2019,67.926965,,,,,,,,,
IT1:150_872(1.2),M,Y,Y15-64,IT,2,EMP_R,2025M1G30,01/08/2019,50.207048,,,,,,,,,
IT1:150_872(1.2),M,Y,Y15-64,IT,9,EMP_R,2025M1G30,01/08/2019,59.038868,,,,,,,,,
IT1:150_872(1.2),M,Y,Y15-64,IT,2,EMP_R,2025M1G30,01/09/2019,50.029029,,,,,,,,,
IT1:150_872(1.2),M,Y,Y15-64,IT,9,EMP_R,2025M1G30,01/09/2019,59.032142,,,,,,,,,
IT1:150_872(1.2),M,Y,Y15-64,IT,1,EMP_R,2025M1G30,01/09/2019,68.092386,,,,,,,,,
IT1:150_872(1.2),M,Y,Y15-64,IT,1,EMP_R,2025M1G30,01/10/2019,68.195199,,,,,,,,,
IT1:150_872(1.2),M,Y,Y15-64,IT,9,EMP_R,2025M1G30,01/10/2019,58.978878,,,,,,,,,
IT1:150_872(1.2),M,Y,Y15-64,IT,2,EMP_R,2025M1G30,01/10/2019,49.820763,,,,,,,,,
IT1:150_872(1.2),M,Y,Y15-64,IT,1,EMP_R,2025M1G30,01/11/2019,68.316026,,,,,,,,,
IT1:150_872(1.2),M,Y,Y15-64,IT,2,EMP_R,2025M1G30,01/11/2019,50.031622,,,,,,,,,
IT1:150_872(1.2),M,Y,Y15-64,IT,9,EMP_R,2025M1G30,01/11/2019,59.145083,,,,,,,,,
IT1:150_872(1.2),M,Y,Y15-64,IT,1,EMP_R,2025M1G30,01/12/2019,68.019363,,,,,,,,,
IT1:150_872(1.2),M,Y,Y15-64,IT,9,EMP_R,2025M1G30,01/12/2019,59.026701,,,,,,,,,
IT1:150_872(1.2),M,Y,Y15-64,IT,2,EMP_R,2025M1G30,01/12/2019,50.089966,,,,,,,,,
IT1:150_872(1.2),M,Y,Y15-64,IT,1,EMP_R,2025M1G30,01/01/2020,68.379603,,,,,,,,,
IT1:150_872(1.2),M,Y,Y15-64,IT,9,EMP_R,2025M1G30,01/01/2020,59.070358,,,,,,,,,
IT1:150_872(1.2),M,Y,Y15-64,IT,2,EMP_R,2025M1G30,01/01/2020,49.819398,,,,,,,,,
IT1:150_872(1.2),M,Y,Y15-64,IT,2,EMP_R,2025M1G30,01/02/2020,49.949266,,,,,,,,,
IT1:150_872(1.2),M,Y,Y15-64,IT,1,EMP_R,2025M1G30,01/02/2020,68.14305,,,,,,,,,
IT1:150_872(1.2),M,Y,Y15-64,IT,9,EMP_R,2025M1G30,01/02/2020,59.017708,,,,,,,,,
IT1:150_872(1.2),M,Y,Y15-64,IT,1,EMP_R,2025M1G30,01/03/2020,66.69157,,,,,,,,,
IT1:150_872(1.2),M,Y,Y15-64,IT,2,EMP_R,2025M1G30,01/03/2020,49.322873,,,,,,,,,
IT1:150_872(1.2),M,Y,Y15-64,IT,9,EMP_R,2025M1G30,01/03/2020,57.980241,,,,,,,,,
IT1:150_872(1.2),M,Y,Y15-64,IT,2,EMP_R,2025M1G30,01/04/2020,47.735808,,,,,,,,,
IT1:150_872(1.2),M,Y,Y15-64,IT,9,EMP_R,2025M1G30,01/04/2020,56.864864,,,,,,,,,
IT1:150_872(1.2),M,Y,Y15-64,IT,1,EMP_R,2025M1G30,01/04/2020,66.050297,,,,,,,,,
IT1:150_872(1.2),M,Y,Y15-64,IT,2,EMP_R,2025M1G30,01/05/2020,47.830984,,,,,,,,,
IT1:150_872(1.2),M,Y,Y15-64,IT,9,EMP_R,2025M1G30,01/05/2020,56.755712,,,,,,,,,
IT1:150_872(1.2),M,Y,Y15-64,IT,1,EMP_R,2025M1G30,01/05/2020,65.733884,,,,,,,,,
IT1:150_872(1.2),M,Y,Y15-64,IT,1,EMP_R,2025M1G30,01/06/2020,65.774123,,,,,,,,,
IT1:150_872(1.2),M,Y,Y15-64,IT,2,EMP_R,2025M1G30,01/06/2020,47.341576,,,,,,,,,
IT1:150_872(1.2),M,Y,Y15-64,IT,9,EMP_R,2025M1G30,01/06/2020,56.530084,,,,,,,,,
IT1:150_872(1.2),M,Y,Y15-64,IT,1,EMP_R,2025M1G30,01/07/2020,65.778449,,,,,,,,,
IT1:150_872(1.2),M,Y,Y15-64,IT,2,EMP_R,2025M1G30,01/07/2020,47.725467,,,,,,,,,
IT1:150_872(1.2),M,Y,Y15-64,IT,9,EMP_R,2025M1G30,01/07/2020,56.728176,,,,,,,,,
IT1:150_872(1.2),M,Y,Y15-64,IT,9,EMP_R,2025M1G30,01/08/2020,57.16529,,,,,,,,,
IT1:150_872(1.2),M,Y,Y15-64,IT,1,EMP_R,2025M1G30,01/08/2020,66.348771,,,,,,,,,
IT1:150_872(1.2),M,Y,Y15-64,IT,2,EMP_R,2025M1G30,01/08/2020,48.030992,,,,,,,,,
IT1:150_872(1.2),M,Y,Y15-64,IT,9,EMP_R,2025M1G30,01/09/2020,57.22291,,,,,,,,,
IT1:150_872(1.2),M,Y,Y15-64,IT,2,EMP_R,2025M1G30,01/09/2020,48.178128,,,,,,,,,
IT1:150_872(1.2),M,Y,Y15-64,IT,1,EMP_R,2025M1G30,01/09/2020,66.316177,,,,,,,,,
IT1:150_872(1.2),M,Y,Y15-64,IT,1,EMP_R,2025M1G30,01/10/2020,66.448799,,,,,,,,,
IT1:150_872(1.2),M,Y,Y15-64,IT,9,EMP_R,2025M1G30,01/10/2020,57.463885,,,,,,,,,
IT1:150_872(1.2),M,Y,Y15-64,IT,2,EMP_R,2025M1G30,01/10/2020,48.527119,,,,,,,,,
IT1:150_872(1.2),M,Y,Y15-64,IT,9,EMP_R,2025M1G30,01/11/2020,57.262554,,,,,,,,,
IT1:150_872(1.2),M,Y,Y15-64,IT,1,EMP_R,2025M1G30,01/11/2020,66.21571,,,,,,,,,
IT1:150_872(1.2),M,Y,Y15-64,IT,2,EMP_R,2025M1G30,01/11/2020,48.356877,,,,,,,,,
IT1:150_872(1.2),M,Y,Y15-64,IT,1,EMP_R,2025M1G30,01/12/2020,66.247065,,,,,,,,,
IT1:150_872(1.2),M,Y,Y15-64,IT,2,EMP_R,2025M1G30,01/12/2020,47.862231,,,,,,,,,
IT1:150_872(1.2),M,Y,Y15-64,IT,9,EMP_R,2025M1G30,01/12/2020,57.030353,,,,,,,,,
IT1:150_872(1.2),M,Y,Y15-64,IT,9,EMP_R,2025M1G30,01/01/2021,56.839773,,,,,,,,,
IT1:150_872(1.2),M,Y,Y15-64,IT,1,EMP_R,2025M1G30,01/01/2021,65.699546,,,,,,,,,
IT1:150_872(1.2),M,Y,Y15-64,IT,2,EMP_R,2025M1G30,01/01/2021,48.026615,,,,,,,,,
IT1:150_872(1.2),M,Y,Y15-64,IT,2,EMP_R,2025M1G30,01/02/2021,48.230094,,,,,,,,,
IT1:150_872(1.2),M,Y,Y15-64,IT,1,EMP_R,2025M1G30,01/02/2021,65.715425,,,,,,,,,
IT1:150_872(1.2),M,Y,Y15-64,IT,9,EMP_R,2025M1G30,01/02/2021,56.950034,,,,,,,,,
IT1:150_872(1.2),M,Y,Y15-64,IT,2,EMP_R,2025M1G30,01/03/2021,48.254412,,,,,,,,,
IT1:150_872(1.2),M,Y,Y15-64,IT,1,EMP_R,2025M1G30,01/03/2021,65.906872,,,,,,,,,
IT1:150_872(1.2),M,Y,Y15-64,IT,9,EMP_R,2025M1G30,01/03/2021,57.058058,,,,,,,,,
IT1:150_872(1.2),M,Y,Y15-64,IT,2,EMP_R,2025M1G30,01/04/2021,48.858711,,,,,,,,,
IT1:150_872(1.2),M,Y,Y15-64,IT,9,EMP_R,2025M1G30,01/04/2021,57.628566,,,,,,,,,
IT1:150_872(1.2),M,Y,Y15-64,IT,1,EMP_R,2025M1G30,01/04/2021,66.443394,,,,,,,,,
IT1:150_872(1.2),M,Y,Y15-64,IT,2,EMP_R,2025M1G30,01/05/2021,49.027874,,,,,,,,,
IT1:150_872(1.2),M,Y,Y15-64,IT,9,EMP_R,2025M1G30,01/05/2021,57.944706,,,,,,,,,
IT1:150_872(1.2),M,Y,Y15-64,IT,1,EMP_R,2025M1G30,01/05/2021,66.906822,,,,,,,,,
IT1:150_872(1.2),M,Y,Y15-64,IT,1,EMP_R,2025M1G30,01/06/2021,67.348248,,,,,,,,,
IT1:150_872(1.2),M,Y,Y15-64,IT,2,EMP_R,2025M1G30,01/06/2021,49.491378,,,,,,,,,
IT1:150_872(1.2),M,Y,Y15-64,IT,9,EMP_R,2025M1G30,01/06/2021,58.397743,,,,,,,,,
IT1:150_872(1.2),M,Y,Y15-64,IT,1,EMP_R,2025M1G30,01/07/2021,67.713809,,,,,,,,,
IT1:150_872(1.2),M,Y,Y15-64,IT,2,EMP_R,2025M1G30,01/07/2021,49.740438,,,,,,,,,
IT1:150_872(1.2),M,Y,Y15-64,IT,9,EMP_R,2025M1G30,01/07/2021,58.707996,,,,,,,,,
IT1:150_872(1.2),M,Y,Y15-64,IT,9,EMP_R,2025M1G30,01/08/2021,58.606151,,,,,,,,,
IT1:150_872(1.2),M,Y,Y15-64,IT,1,EMP_R,2025M1G30,01/08/2021,67.787156,,,,,,,,,
IT1:150_872(1.2),M,Y,Y15-64,IT,2,EMP_R,2025M1G30,01/08/2021,49.463957,,,,,,,,,
IT1:150_872(1.2),M,Y,Y15-64,IT,9,EMP_R,2025M1G30,01/09/2021,58.840225,,,,,,,,,
IT1:150_872(1.2),M,Y,Y15-64,IT,2,EMP_R,2025M1G30,01/09/2021,49.904106,,,,,,,,,
IT1:150_872(1.2),M,Y,Y15-64,IT,1,EMP_R,2025M1G30,01/09/2021,67.814574,,,,,,,,,
IT1:150_872(1.2),M,Y,Y15-64,IT,2,EMP_R,2025M1G30,01/10/2021,50.037554,,,,,,,,,
IT1:150_872(1.2),M,Y,Y15-64,IT,9,EMP_R,2025M1G30,01/10/2021,58.983858,,,,,,,,,
IT1:150_872(1.2),M,Y,Y15-64,IT,1,EMP_R,2025M1G30,01/10/2021,67.956911,,,,,,,,,
IT1:150_872(1.2),M,Y,Y15-64,IT,2,EMP_R,2025M1G30,01/11/2021,50.537149,,,,,,,,,
IT1:150_872(1.2),M,Y,Y15-64,IT,9,EMP_R,2025M1G30,01/11/2021,59.3806,,,,,,,,,
IT1:150_872(1.2),M,Y,Y15-64,IT,1,EMP_R,2025M1G30,01/11/2021,68.249437,,,,,,,,,
IT1:150_872(1.2),M,Y,Y15-64,IT,2,EMP_R,2025M1G30,01/12/2021,50.712705,,,,,,,,,
IT1:150_872(1.2),M,Y,Y15-64,IT,9,EMP_R,2025M1G30,01/12/2021,59.332844,,,,,,,,,
IT1:150_872(1.2),M,Y,Y15-64,IT,1,EMP_R,2025M1G30,01/12/2021,67.977145,,,,,,,,,
IT1:150_872(1.2),M,Y,Y15-64,IT,2,EMP_R,2025M1G30,01/01/2022,50.237432,,,,,,,,,
IT1:150_872(1.2),M,Y,Y15-64,IT,9,EMP_R,2025M1G30,01/01/2022,59.36481,,,,,,,,,
IT1:150_872(1.2),M,Y,Y15-64,IT,1,EMP_R,2025M1G30,01/01/2022,68.516427,,,,,,,,,
IT1:150_872(1.2),M,Y,Y15-64,IT,9,EMP_R,2025M1G30,01/02/2022,59.697852,,,,,,,,,
IT1:150_872(1.2),M,Y,Y15-64,IT,2,EMP_R,2025M1G30,01/02/2022,50.544589,,,,,,,,,
IT1:150_872(1.2),M,Y,Y15-64,IT,1,EMP_R,2025M1G30,01/02/2022,68.875662,,,,,,,,,
IT1:150_872(1.2),M,Y,Y15-64,IT,9,EMP_R,2025M1G30,01/03/2022,60.008254,,,,,,,,,
IT1:150_872(1.2),M,Y,Y15-64,IT,2,EMP_R,2025M1G30,01/03/2022,51.051002,,,,,,,,,
IT1:150_872(1.2),M,Y,Y15-64,IT,1,EMP_R,2025M1G30,01/03/2022,68.988276,,,,,,,,,
IT1:150_872(1.2),M,Y,Y15-64,IT,9,EMP_R,2025M1G30,01/04/2022,60.016903,,,,,,,,,
IT1:150_872(1.2),M,Y,Y15-64,IT,2,EMP_R,2025M1G30,01/04/2022,50.847664,,,,,,,,,
IT1:150_872(1.2),M,Y,Y15-64,IT,1,EMP_R,2025M1G30,01/04/2022,69.208927,,,,,,,,,
IT1:150_872(1.2),M,Y,Y15-64,IT,9,EMP_R,2025M1G30,01/05/2022,60.121085,,,,,,,,,
IT1:150_872(1.2),M,Y,Y15-64,IT,1,EMP_R,2025M1G30,01/05/2022,69.150491,,,,,,,,,
IT1:150_872(1.2),M,Y,Y15-64,IT,2,EMP_R,2025M1G30,01/05/2022,51.115544,,,,,,,,,
IT1:150_872(1.2),M,Y,Y15-64,IT,2,EMP_R,2025M1G30,01/06/2022,51.364639,,,,,,,,,
IT1:150_872(1.2),M,Y,Y15-64,IT,9,EMP_R,2025M1G30,01/06/2022,60.361391,,,,,,,,,
IT1:150_872(1.2),M,Y,Y15-64,IT,1,EMP_R,2025M1G30,01/06/2022,69.381047,,,,,,,,,
IT1:150_872(1.2),M,Y,Y15-64,IT,9,EMP_R,2025M1G30,01/07/2022,60.254981,,,,,,,,,
IT1:150_872(1.2),M,Y,Y15-64,IT,2,EMP_R,2025M1G30,01/07/2022,51.267153,,,,,,,,,
IT1:150_872(1.2),M,Y,Y15-64,IT,1,EMP_R,2025M1G30,01/07/2022,69.265857,,,,,,,,,
IT1:150_872(1.2),M,Y,Y15-64,IT,1,EMP_R,2025M1G30,01/08/2022,69.108131,,,,,,,,,
IT1:150_872(1.2),M,Y,Y15-64,IT,2,EMP_R,2025M1G30,01/08/2022,51.033563,,,,,,,,,
IT1:150_872(1.2),M,Y,Y15-64,IT,9,EMP_R,2025M1G30,01/08/2022,60.059703,,,,,,,,,
IT1:150_872(1.2),M,Y,Y15-64,IT,9,EMP_R,2025M1G30,01/09/2022,60.327015,,,,,,,,,
IT1:150_872(1.2),M,Y,Y15-64,IT,1,EMP_R,2025M1G30,01/09/2022,69.386928,,,,,,,,,
IT1:150_872(1.2),M,Y,Y15-64,IT,2,EMP_R,2025M1G30,01/09/2022,51.288786,,,,,,,,,
IT1:150_872(1.2),M,Y,Y15-64,IT,2,EMP_R,2025M1G30,01/10/2022,51.639944,,,,,,,,,
IT1:150_872(1.2),M,Y,Y15-64,IT,1,EMP_R,2025M1G30,01/10/2022,69.434909,,,,,,,,,
IT1:150_872(1.2),M,Y,Y15-64,IT,9,EMP_R,2025M1G30,01/10/2022,60.545857,,,,,,,,,
IT1:150_872(1.2),M,Y,Y15-64,IT,2,EMP_R,2025M1G30,01/11/2022,51.474096,,,,,,,,,
IT1:150_872(1.2),M,Y,Y15-64,IT,9,EMP_R,2025M1G30,01/11/2022,60.583582,,,,,,,,,
IT1:150_872(1.2),M,Y,Y15-64,IT,1,EMP_R,2025M1G30,01/11/2022,69.674632,,,,,,,,,
IT1:150_872(1.2),M,Y,Y15-64,IT,9,EMP_R,2025M1G30,01/12/2022,60.717898,,,,,,,,,
IT1:150_872(1.2),M,Y,Y15-64,IT,2,EMP_R,2025M1G30,01/12/2022,51.78021,,,,,,,,,
IT1:150_872(1.2),M,Y,Y15-64,IT,1,EMP_R,2025M1G30,01/12/2022,69.636385,,,,,,,,,
IT1:150_872(1.2),M,Y,Y15-64,IT,9,EMP_R,2025M1G30,01/01/2023,60.974218,,,,,,,,,
IT1:150_872(1.2),M,Y,Y15-64,IT,1,EMP_R,2025M1G30,01/01/2023,69.856355,,,,,,,,,
IT1:150_872(1.2),M,Y,Y15-64,IT,2,EMP_R,2025M1G30,01/01/2023,52.071992,,,,,,,,,
IT1:150_872(1.2),M,Y,Y15-64,IT,1,EMP_R,2025M1G30,01/02/2023,70.026183,,,,,,,,,
IT1:150_872(1.2),M,Y,Y15-64,IT,9,EMP_R,2025M1G30,01/02/2023,61.087752,,,,,,,,,
IT1:150_872(1.2),M,Y,Y15-64,IT,2,EMP_R,2025M1G30,01/02/2023,52.127945,,,,,,,,,
IT1:150_872(1.2),M,Y,Y15-64,IT,2,EMP_R,2025M1G30,01/03/2023,52.062548,,,,,,,,,
IT1:150_872(1.2),M,Y,Y15-64,IT,1,EMP_R,2025M1G30,01/03/2023,70.006668,,,,,,,,,
IT1:150_872(1.2),M,Y,Y15-64,IT,9,EMP_R,2025M1G30,01/03/2023,61.045635,,,,,,,,,
IT1:150_872(1.2),M,Y,Y15-64,IT,2,EMP_R,2025M1G30,01/04/2023,52.327321,,,,,,,,,
IT1:150_872(1.2),M,Y,Y15-64,IT,1,EMP_R,2025M1G30,01/04/2023,69.93392,,,,,,,,,
IT1:150_872(1.2),M,Y,Y15-64,IT,9,EMP_R,2025M1G30,01/04/2023,61.141544,,,,,,,,,
IT1:150_872(1.2),M,Y,Y15-64,IT,9,EMP_R,2025M1G30,01/05/2023,61.294266,,,,,,,,,
IT1:150_872(1.2),M,Y,Y15-64,IT,2,EMP_R,2025M1G30,01/05/2023,52.216021,,,,,,,,,
IT1:150_872(1.2),M,Y,Y15-64,IT,1,EMP_R,2025M1G30,01/05/2023,70.34899,,,,,,,,,
IT1:150_872(1.2),M,Y,Y15-64,IT,9,EMP_R,2025M1G30,01/06/2023,61.582067,,,,,,,,,
IT1:150_872(1.2),M,Y,Y15-64,IT,2,EMP_R,2025M1G30,01/06/2023,52.556011,,,,,,,,,
IT1:150_872(1.2),M,Y,Y15-64,IT,1,EMP_R,2025M1G30,01/06/2023,70.583538,,,,,,,,,
IT1:150_872(1.2),M,Y,Y15-64,IT,1,EMP_R,2025M1G30,01/07/2023,70.346428,,,,,,,,,
IT1:150_872(1.2),M,Y,Y15-64,IT,2,EMP_R,2025M1G30,01/07/2023,52.329114,,,,,,,,,
IT1:150_872(1.2),M,Y,Y15-64,IT,9,EMP_R,2025M1G30,01/07/2023,61.350318,,,,,,,,,
IT1:150_872(1.2),M,Y,Y15-64,IT,1,EMP_R,2025M1G30,01/08/2023,70.306941,,,,,,,,,
IT1:150_872(1.2),M,Y,Y15-64,IT,9,EMP_R,2025M1G30,01/08/2023,61.459562,,,,,,,,,
IT1:150_872(1.2),M,Y,Y15-64,IT,2,EMP_R,2025M1G30,01/08/2023,52.586278,,,,,,,,,
IT1:150_872(1.2),M,Y,Y15-64,IT,1,EMP_R,2025M1G30,01/09/2023,70.6454,,,,,,,,,
IT1:150_872(1.2),M,Y,Y15-64,IT,2,EMP_R,2025M1G30,01/09/2023,52.673389,,,,,,,,,
IT1:150_872(1.2),M,Y,Y15-64,IT,9,EMP_R,2025M1G30,01/09/2023,61.673164,,,,,,,,,
IT1:150_872(1.2),M,Y,Y15-64,IT,1,EMP_R,2025M1G30,01/10/2023,70.67112,,,,,,,,,
IT1:150_872(1.2),M,Y,Y15-64,IT,9,EMP_R,2025M1G30,01/10/2023,61.869215,,,,,,,,,
IT1:150_872(1.2),M,Y,Y15-64,IT,2,EMP_R,2025M1G30,01/10/2023,53.03829,,,,,,,,,
IT1:150_872(1.2),M,Y,Y15-64,IT,2,EMP_R,2025M1G30,01/11/2023,53.032277,,,,,,,,,
IT1:150_872(1.2),M,Y,Y15-64,IT,1,EMP_R,2025M1G30,01/11/2023,70.704818,,,,,,,,,
IT1:150_872(1.2),M,Y,Y15-64,IT,9,EMP_R,2025M1G30,01/11/2023,61.88292,,,,,,,,,
IT1:150_872(1.2),M,Y,Y15-64,IT,1,EMP_R,2025M1G30,01/12/2023,70.963051,,,,,,,,,
IT1:150_872(1.2),M,Y,Y15-64,IT,9,EMP_R,2025M1G30,01/12/2023,62.042314,,,,,,,,,
IT1:150_872(1.2),M,Y,Y15-64,IT,2,EMP_R,2025M1G30,01/12/2023,53.092891,,,,,,,,,
IT1:150_872(1.2),M,Y,Y15-64,IT,1,EMP_R,2025M1G30,01/01/2024,70.711215,,,,,,,,,
IT1:150_872(1.2),M,Y,Y15-64,IT,9,EMP_R,2025M1G30,01/01/2024,61.891598,,,,,,,,,
IT1:150_872(1.2),M,Y,Y15-64,IT,2,EMP_R,2025M1G30,01/01/2024,53.043191,,,,,,,,,
IT1:150_872(1.2),M,Y,Y15-64,IT,2,EMP_R,2025M1G30,01/02/2024,52.965855,,,,,,,,,
IT1:150_872(1.2),M,Y,Y15-64,IT,9,EMP_R,2025M1G30,01/02/2024,62.03337,,,,,,,,,
IT1:150_872(1.2),M,Y,Y15-64,IT,1,EMP_R,2025M1G30,01/02/2024,71.070324,,,,,,,,,
IT1:150_872(1.2),M,Y,Y15-64,IT,2,EMP_R,2025M1G30,01/03/2024,53.197748,,,,,,,,,
IT1:150_872(1.2),M,Y,Y15-64,IT,9,EMP_R,2025M1G30,01/03/2024,62.142115,,,,,,,,,
IT1:150_872(1.2),M,Y,Y15-64,IT,1,EMP_R,2025M1G30,01/03/2024,71.055905,,,,,,,,,
IT1:150_872(1.2),M,Y,Y15-64,IT,1,EMP_R,2025M1G30,01/04/2024,71.044348,,,,,,,,,
IT1:150_872(1.2),M,Y,Y15-64,IT,9,EMP_R,2025M1G30,01/04/2024,62.234256,,,,,,,,,
IT1:150_872(1.2),M,Y,Y15-64,IT,2,EMP_R,2025M1G30,01/04/2024,53.393176,,,,,,,,,
IT1:150_872(1.2),M,Y,Y15-64,IT,9,EMP_R,2025M1G30,01/05/2024,62.134207,,,,,,,,,
IT1:150_872(1.2),M,Y,Y15-64,IT,1,EMP_R,2025M1G30,01/05/2024,70.849663,,,,,,,,,
IT1:150_872(1.2),M,Y,Y15-64,IT,2,EMP_R,2025M1G30,01/05/2024,53.387675,,,,,,,,,
IT1:150_872(1.2),M,Y,Y15-64,IT,1,EMP_R,2025M1G30,01/06/2024,71.03235,,,,,,,,,
IT1:150_872(1.2),M,Y,Y15-64,IT,2,EMP_R,2025M1G30,01/06/2024,53.350944,,,,,,,,,
IT1:150_872(1.2),M,Y,Y15-64,IT,9,EMP_R,2025M1G30,01/06/2024,62.207896,,,,,,,,,
IT1:150_872(1.2),M,Y,Y15-64,IT,9,EMP_R,2025M1G30,01/07/2024,62.328857,,,,,,,,,
IT1:150_872(1.2),M,Y,Y15-64,IT,1,EMP_R,2025M1G30,01/07/2024,70.976887,,,,,,,,,
IT1:150_872(1.2),M,Y,Y15-64,IT,2,EMP_R,2025M1G30,01/07/2024,53.648439,,,,,,,,,
IT1:150_872(1.2),M,Y,Y15-64,IT,1,EMP_R,2025M1G30,01/08/2024,71.170299,,,,,,,,,
IT1:150_872(1.2),M,Y,Y15-64,IT,2,EMP_R,2025M1G30,01/08/2024,53.594095,,,,,,,,,
IT1:150_872(1.2),M,Y,Y15-64,IT,9,EMP_R,2025M1G30,01/08/2024,62.399912,,,,,,,,,
IT1:150_872(1.2),M,Y,Y15-64,IT,2,EMP_R,2025M1G30,01/09/2024,53.658502,,,,,,,,,
IT1:150_872(1.2),M,Y,Y15-64,IT,1,EMP_R,2025M1G30,01/09/2024,71.005232,,,,,,,,,
IT1:150_872(1.2),M,Y,Y15-64,IT,9,EMP_R,2025M1G30,01/09/2024,62.350503,,,,,,,,,
IT1:150_872(1.2),M,Y,Y15-64,IT,1,EMP_R,2025M1G30,01/10/2024,71.192269,,,,,,,,,
IT1:150_872(1.2),M,Y,Y15-64,IT,9,EMP_R,2025M1G30,01/10/2024,62.411222,,,,,,,,,
IT1:150_872(1.2),M,Y,Y15-64,IT,2,EMP_R,2025M1G30,01/10/2024,53.590053,,,,,,,,,
IT1:150_872(1.2),M,Y,Y15-64,IT,1,EMP_R,2025M1G30,01/11/2024,71.041409,,,,,,,,,
IT1:150_872(1.2),M,Y,Y15-64,IT,9,EMP_R,2025M1G30,01/11/2024,62.370352,,,,,,,,,
IT1:150_872(1.2),M,Y,Y15-64,IT,2,EMP_R,2025M1G30,01/11/2024,53.656662,,,,,,,,,
IT1:150_872(1.2),M,Y,Y15-64,IT,1,EMP_R,2025M1G30,01/12/2024,71.19314,,,,,,,,,
IT1:150_872(1.2),M,Y,Y15-64,IT,9,EMP_R,2025M1G30,01/12/2024,62.32024,,,,,,,,,
IT1:150_872(1.2),M,Y,Y15-64,IT,2,EMP_R,2025M1G30,01/12/2024,53.400619,,,,,,,,,
