DATAFLOW,FREQ,ADJUSTMENT,CLASSE_ETA,ITTER107,SESSO,EDI,TIME_PERIOD,OBS_VALUE
IT1:150_872(1.2),M,Y,Y25-34,IT,9,2025M1G30,01/01/2004,70.200099
IT1:150_872(1.2),M,Y,Y50-64,IT,9,2025M1G30,01/01/2004,41.803594
IT1:150_872(1.2),M,Y,Y35-49,IT,9,2025M1G30,01/01/2004,75.248568
IT1:150_872(1.2),M,Y,Y25-34,IT,9,2025M1G30,01/02/2004,70.358621
IT1:150_872(1.2),M,Y,Y50-64,IT,9,2025M1G30,01/02/2004,41.70756
IT1:150_872(1.2),M,Y,Y35-49,IT,9,2025M1G30,01/02/2004,75.532671
IT1:150_872(1.2),M,Y,Y50-64,IT,9,2025M1G30,01/03/2004,41.983905
IT1:150_872(1.2),M,Y,Y25-34,IT,9,2025M1G30,01/03/2004,70.32723
IT1:150_872(1.2),M,Y,Y35-49,IT,9,2025M1G30,01/03/2004,75.445589
IT1:150_872(1.2),M,Y,Y50-64,IT,9,2025M1G30,01/04/2004,41.965278
IT1:150_872(1.2),M,Y,Y25-34,IT,9,2025M1G30,01/04/2004,70.037471
IT1:150_872(1.2),M,Y,Y35-49,IT,9,2025M1G30,01/04/2004,75.461253
IT1:150_872(1.2),M,Y,Y50-64,IT,9,2025M1G30,01/05/2004,42.533527
IT1:150_872(1.2),M,Y,Y35-49,IT,9,2025M1G30,01/05/2004,75.673348
IT1:150_872(1.2),M,Y,Y25-34,IT,9,2025M1G30,01/05/2004,70.363295
IT1:150_872(1.2),M,Y,Y50-64,IT,9,2025M1G30,01/06/2004,42.646052
IT1:150_872(1.2),M,Y,Y25-34,IT,9,2025M1G30,01/06/2004,70.167197
IT1:150_872(1.2),M,Y,Y35-49,IT,9,2025M1G30,01/06/2004,75.855873
IT1:150_872(1.2),M,Y,Y50-64,IT,9,2025M1G30,01/07/2004,42.29829
IT1:150_872(1.2),M,Y,Y25-34,IT,9,2025M1G30,01/07/2004,70.441833
IT1:150_872(1.2),M,Y,Y35-49,IT,9,2025M1G30,01/07/2004,75.680803
IT1:150_872(1.2),M,Y,Y50-64,IT,9,2025M1G30,01/08/2004,42.472341
IT1:150_872(1.2),M,Y,Y25-34,IT,9,2025M1G30,01/08/2004,69.855321
IT1:150_872(1.2),M,Y,Y35-49,IT,9,2025M1G30,01/08/2004,75.681601
IT1:150_872(1.2),M,Y,Y25-34,IT,9,2025M1G30,01/09/2004,69.662698
IT1:150_872(1.2),M,Y,Y35-49,IT,9,2025M1G30,01/09/2004,75.740877
IT1:150_872(1.2),M,Y,Y50-64,IT,9,2025M1G30,01/09/2004,42.890587
IT1:150_872(1.2),M,Y,Y25-34,IT,9,2025M1G30,01/10/2004,70.13589
IT1:150_872(1.2),M,Y,Y35-49,IT,9,2025M1G30,01/10/2004,75.567919
IT1:150_872(1.2),M,Y,Y50-64,IT,9,2025M1G30,01/10/2004,43.129812
IT1:150_872(1.2),M,Y,Y50-64,IT,9,2025M1G30,01/11/2004,43.103774
IT1:150_872(1.2),M,Y,Y25-34,IT,9,2025M1G30,01/11/2004,70.009195
IT1:150_872(1.2),M,Y,Y35-49,IT,9,2025M1G30,01/11/2004,75.491065
IT1:150_872(1.2),M,Y,Y35-49,IT,9,2025M1G30,01/12/2004,75.594687
IT1:150_872(1.2),M,Y,Y50-64,IT,9,2025M1G30,01/12/2004,42.785984
IT1:150_872(1.2),M,Y,Y25-34,IT,9,2025M1G30,01/12/2004,69.520865
IT1:150_872(1.2),M,Y,Y35-49,IT,9,2025M1G30,01/01/2005,75.61797
IT1:150_872(1.2),M,Y,Y25-34,IT,9,2025M1G30,01/01/2005,69.432785
IT1:150_872(1.2),M,Y,Y50-64,IT,9,2025M1G30,01/01/2005,43.216697
IT1:150_872(1.2),M,Y,Y35-49,IT,9,2025M1G30,01/02/2005,75.453442
IT1:150_872(1.2),M,Y,Y50-64,IT,9,2025M1G30,01/02/2005,43.004903
IT1:150_872(1.2),M,Y,Y25-34,IT,9,2025M1G30,01/02/2005,69.697367
IT1:150_872(1.2),M,Y,Y50-64,IT,9,2025M1G30,01/03/2005,43.092967
IT1:150_872(1.2),M,Y,Y35-49,IT,9,2025M1G30,01/03/2005,75.512708
IT1:150_872(1.2),M,Y,Y25-34,IT,9,2025M1G30,01/03/2005,69.563673
IT1:150_872(1.2),M,Y,Y50-64,IT,9,2025M1G30,01/04/2005,43.233569
IT1:150_872(1.2),M,Y,Y25-34,IT,9,2025M1G30,01/04/2005,69.460229
IT1:150_872(1.2),M,Y,Y35-49,IT,9,2025M1G30,01/04/2005,75.307648
IT1:150_872(1.2),M,Y,Y50-64,IT,9,2025M1G30,01/05/2005,43.157288
IT1:150_872(1.2),M,Y,Y25-34,IT,9,2025M1G30,01/05/2005,69.421338
IT1:150_872(1.2),M,Y,Y35-49,IT,9,2025M1G30,01/05/2005,75.36488
IT1:150_872(1.2),M,Y,Y35-49,IT,9,2025M1G30,01/06/2005,75.374234
IT1:150_872(1.2),M,Y,Y25-34,IT,9,2025M1G30,01/06/2005,69.559819
IT1:150_872(1.2),M,Y,Y50-64,IT,9,2025M1G30,01/06/2005,43.130646
IT1:150_872(1.2),M,Y,Y50-64,IT,9,2025M1G30,01/07/2005,42.946708
IT1:150_872(1.2),M,Y,Y35-49,IT,9,2025M1G30,01/07/2005,75.289489
IT1:150_872(1.2),M,Y,Y25-34,IT,9,2025M1G30,01/07/2005,69.790662
IT1:150_872(1.2),M,Y,Y25-34,IT,9,2025M1G30,01/08/2005,68.930432
IT1:150_872(1.2),M,Y,Y50-64,IT,9,2025M1G30,01/08/2005,43.385387
IT1:150_872(1.2),M,Y,Y35-49,IT,9,2025M1G30,01/08/2005,75.443201
IT1:150_872(1.2),M,Y,Y35-49,IT,9,2025M1G30,01/09/2005,75.612407
IT1:150_872(1.2),M,Y,Y50-64,IT,9,2025M1G30,01/09/2005,43.652836
IT1:150_872(1.2),M,Y,Y25-34,IT,9,2025M1G30,01/09/2005,69.166745
IT1:150_872(1.2),M,Y,Y50-64,IT,9,2025M1G30,01/10/2005,43.686012
IT1:150_872(1.2),M,Y,Y25-34,IT,9,2025M1G30,01/10/2005,69.711231
IT1:150_872(1.2),M,Y,Y35-49,IT,9,2025M1G30,01/10/2005,75.573428
IT1:150_872(1.2),M,Y,Y35-49,IT,9,2025M1G30,01/11/2005,75.415504
IT1:150_872(1.2),M,Y,Y50-64,IT,9,2025M1G30,01/11/2005,43.929552
IT1:150_872(1.2),M,Y,Y25-34,IT,9,2025M1G30,01/11/2005,69.62017
IT1:150_872(1.2),M,Y,Y50-64,IT,9,2025M1G30,01/12/2005,43.945333
IT1:150_872(1.2),M,Y,Y35-49,IT,9,2025M1G30,01/12/2005,75.587229
IT1:150_872(1.2),M,Y,Y25-34,IT,9,2025M1G30,01/12/2005,69.479084
IT1:150_872(1.2),M,Y,Y35-49,IT,9,2025M1G30,01/01/2006,75.626833
IT1:150_872(1.2),M,Y,Y25-34,IT,9,2025M1G30,01/01/2006,70.081397
IT1:150_872(1.2),M,Y,Y50-64,IT,9,2025M1G30,01/01/2006,43.924309
IT1:150_872(1.2),M,Y,Y35-49,IT,9,2025M1G30,01/02/2006,76.003773
IT1:150_872(1.2),M,Y,Y50-64,IT,9,2025M1G30,01/02/2006,43.965497
IT1:150_872(1.2),M,Y,Y25-34,IT,9,2025M1G30,01/02/2006,70.194469
IT1:150_872(1.2),M,Y,Y25-34,IT,9,2025M1G30,01/03/2006,70.178563
IT1:150_872(1.2),M,Y,Y50-64,IT,9,2025M1G30,01/03/2006,44.307914
IT1:150_872(1.2),M,Y,Y35-49,IT,9,2025M1G30,01/03/2006,75.851679
IT1:150_872(1.2),M,Y,Y50-64,IT,9,2025M1G30,01/04/2006,44.399308
IT1:150_872(1.2),M,Y,Y25-34,IT,9,2025M1G30,01/04/2006,70.508792
IT1:150_872(1.2),M,Y,Y35-49,IT,9,2025M1G30,01/04/2006,76.234263
IT1:150_872(1.2),M,Y,Y25-34,IT,9,2025M1G30,01/05/2006,70.272664
IT1:150_872(1.2),M,Y,Y50-64,IT,9,2025M1G30,01/05/2006,44.82386
IT1:150_872(1.2),M,Y,Y35-49,IT,9,2025M1G30,01/05/2006,76.095317
IT1:150_872(1.2),M,Y,Y50-64,IT,9,2025M1G30,01/06/2006,44.690731
IT1:150_872(1.2),M,Y,Y35-49,IT,9,2025M1G30,01/06/2006,76.235778
IT1:150_872(1.2),M,Y,Y25-34,IT,9,2025M1G30,01/06/2006,70.090668
IT1:150_872(1.2),M,Y,Y25-34,IT,9,2025M1G30,01/07/2006,69.606889
IT1:150_872(1.2),M,Y,Y35-49,IT,9,2025M1G30,01/07/2006,76.105707
IT1:150_872(1.2),M,Y,Y50-64,IT,9,2025M1G30,01/07/2006,44.905553
IT1:150_872(1.2),M,Y,Y35-49,IT,9,2025M1G30,01/08/2006,75.941655
IT1:150_872(1.2),M,Y,Y25-34,IT,9,2025M1G30,01/08/2006,69.930163
IT1:150_872(1.2),M,Y,Y50-64,IT,9,2025M1G30,01/08/2006,44.91971
IT1:150_872(1.2),M,Y,Y50-64,IT,9,2025M1G30,01/09/2006,44.737442
IT1:150_872(1.2),M,Y,Y35-49,IT,9,2025M1G30,01/09/2006,75.830233
IT1:150_872(1.2),M,Y,Y25-34,IT,9,2025M1G30,01/09/2006,70.514606
IT1:150_872(1.2),M,Y,Y25-34,IT,9,2025M1G30,01/10/2006,69.833184
IT1:150_872(1.2),M,Y,Y50-64,IT,9,2025M1G30,01/10/2006,45.084431
IT1:150_872(1.2),M,Y,Y35-49,IT,9,2025M1G30,01/10/2006,75.873821
IT1:150_872(1.2),M,Y,Y35-49,IT,9,2025M1G30,01/11/2006,76.262582
IT1:150_872(1.2),M,Y,Y25-34,IT,9,2025M1G30,01/11/2006,70.024651
IT1:150_872(1.2),M,Y,Y50-64,IT,9,2025M1G30,01/11/2006,45.258896
IT1:150_872(1.2),M,Y,Y35-49,IT,9,2025M1G30,01/12/2006,76.123963
IT1:150_872(1.2),M,Y,Y50-64,IT,9,2025M1G30,01/12/2006,45.225771
IT1:150_872(1.2),M,Y,Y25-34,IT,9,2025M1G30,01/12/2006,70.286186
IT1:150_872(1.2),M,Y,Y25-34,IT,9,2025M1G30,01/01/2007,69.707506
IT1:150_872(1.2),M,Y,Y50-64,IT,9,2025M1G30,01/01/2007,45.396268
IT1:150_872(1.2),M,Y,Y35-49,IT,9,2025M1G30,01/01/2007,75.932942
IT1:150_872(1.2),M,Y,Y25-34,IT,9,2025M1G30,01/02/2007,69.817803
IT1:150_872(1.2),M,Y,Y50-64,IT,9,2025M1G30,01/02/2007,45.675802
IT1:150_872(1.2),M,Y,Y35-49,IT,9,2025M1G30,01/02/2007,75.910334
IT1:150_872(1.2),M,Y,Y25-34,IT,9,2025M1G30,01/03/2007,69.595689
IT1:150_872(1.2),M,Y,Y35-49,IT,9,2025M1G30,01/03/2007,76.007969
IT1:150_872(1.2),M,Y,Y50-64,IT,9,2025M1G30,01/03/2007,45.787057
IT1:150_872(1.2),M,Y,Y35-49,IT,9,2025M1G30,01/04/2007,75.714653
IT1:150_872(1.2),M,Y,Y50-64,IT,9,2025M1G30,01/04/2007,45.760656
IT1:150_872(1.2),M,Y,Y25-34,IT,9,2025M1G30,01/04/2007,70.607283
IT1:150_872(1.2),M,Y,Y35-49,IT,9,2025M1G30,01/05/2007,76.060544
IT1:150_872(1.2),M,Y,Y50-64,IT,9,2025M1G30,01/05/2007,45.897107
IT1:150_872(1.2),M,Y,Y25-34,IT,9,2025M1G30,01/05/2007,69.781569
IT1:150_872(1.2),M,Y,Y50-64,IT,9,2025M1G30,01/06/2007,46.145208
IT1:150_872(1.2),M,Y,Y35-49,IT,9,2025M1G30,01/06/2007,75.939828
IT1:150_872(1.2),M,Y,Y25-34,IT,9,2025M1G30,01/06/2007,70.443515
IT1:150_872(1.2),M,Y,Y50-64,IT,9,2025M1G30,01/07/2007,46.206661
IT1:150_872(1.2),M,Y,Y35-49,IT,9,2025M1G30,01/07/2007,76.130979
IT1:150_872(1.2),M,Y,Y25-34,IT,9,2025M1G30,01/07/2007,70.433998
IT1:150_872(1.2),M,Y,Y25-34,IT,9,2025M1G30,01/08/2007,69.951736
IT1:150_872(1.2),M,Y,Y35-49,IT,9,2025M1G30,01/08/2007,76.000696
IT1:150_872(1.2),M,Y,Y50-64,IT,9,2025M1G30,01/08/2007,46.240313
IT1:150_872(1.2),M,Y,Y25-34,IT,9,2025M1G30,01/09/2007,70.458445
IT1:150_872(1.2),M,Y,Y35-49,IT,9,2025M1G30,01/09/2007,76.368829
IT1:150_872(1.2),M,Y,Y50-64,IT,9,2025M1G30,01/09/2007,46.110268
IT1:150_872(1.2),M,Y,Y25-34,IT,9,2025M1G30,01/10/2007,70.569028
IT1:150_872(1.2),M,Y,Y50-64,IT,9,2025M1G30,01/10/2007,46.146314
IT1:150_872(1.2),M,Y,Y35-49,IT,9,2025M1G30,01/10/2007,76.173893
IT1:150_872(1.2),M,Y,Y35-49,IT,9,2025M1G30,01/11/2007,76.077391
IT1:150_872(1.2),M,Y,Y50-64,IT,9,2025M1G30,01/11/2007,46.218011
IT1:150_872(1.2),M,Y,Y25-34,IT,9,2025M1G30,01/11/2007,70.808371
IT1:150_872(1.2),M,Y,Y25-34,IT,9,2025M1G30,01/12/2007,70.56998
IT1:150_872(1.2),M,Y,Y50-64,IT,9,2025M1G30,01/12/2007,46.45068
IT1:150_872(1.2),M,Y,Y35-49,IT,9,2025M1G30,01/12/2007,76.16975
IT1:150_872(1.2),M,Y,Y35-49,IT,9,2025M1G30,01/01/2008,76.15504
IT1:150_872(1.2),M,Y,Y25-34,IT,9,2025M1G30,01/01/2008,70.533469
IT1:150_872(1.2),M,Y,Y50-64,IT,9,2025M1G30,01/01/2008,46.436629
IT1:150_872(1.2),M,Y,Y35-49,IT,9,2025M1G30,01/02/2008,76.013629
IT1:150_872(1.2),M,Y,Y50-64,IT,9,2025M1G30,01/02/2008,46.319199
IT1:150_872(1.2),M,Y,Y25-34,IT,9,2025M1G30,01/02/2008,70.487945
IT1:150_872(1.2),M,Y,Y50-64,IT,9,2025M1G30,01/03/2008,46.350958
IT1:150_872(1.2),M,Y,Y35-49,IT,9,2025M1G30,01/03/2008,76.222568
IT1:150_872(1.2),M,Y,Y25-34,IT,9,2025M1G30,01/03/2008,70.73058
IT1:150_872(1.2),M,Y,Y25-34,IT,9,2025M1G30,01/04/2008,70.072347
IT1:150_872(1.2),M,Y,Y50-64,IT,9,2025M1G30,01/04/2008,46.943215
IT1:150_872(1.2),M,Y,Y35-49,IT,9,2025M1G30,01/04/2008,76.272683
IT1:150_872(1.2),M,Y,Y50-64,IT,9,2025M1G30,01/05/2008,46.723
IT1:150_872(1.2),M,Y,Y35-49,IT,9,2025M1G30,01/05/2008,76.020404
IT1:150_872(1.2),M,Y,Y25-34,IT,9,2025M1G30,01/05/2008,70.703514
IT1:150_872(1.2),M,Y,Y50-64,IT,9,2025M1G30,01/06/2008,46.581046
IT1:150_872(1.2),M,Y,Y25-34,IT,9,2025M1G30,01/06/2008,70.561458
IT1:150_872(1.2),M,Y,Y35-49,IT,9,2025M1G30,01/06/2008,75.831161
IT1:150_872(1.2),M,Y,Y50-64,IT,9,2025M1G30,01/07/2008,46.944392
IT1:150_872(1.2),M,Y,Y25-34,IT,9,2025M1G30,01/07/2008,69.979148
IT1:150_872(1.2),M,Y,Y35-49,IT,9,2025M1G30,01/07/2008,75.877545
IT1:150_872(1.2),M,Y,Y25-34,IT,9,2025M1G30,01/08/2008,69.536781
IT1:150_872(1.2),M,Y,Y50-64,IT,9,2025M1G30,01/08/2008,46.669204
IT1:150_872(1.2),M,Y,Y35-49,IT,9,2025M1G30,01/08/2008,76.147835
IT1:150_872(1.2),M,Y,Y25-34,IT,9,2025M1G30,01/09/2008,69.898566
IT1:150_872(1.2),M,Y,Y50-64,IT,9,2025M1G30,01/09/2008,46.861511
IT1:150_872(1.2),M,Y,Y35-49,IT,9,2025M1G30,01/09/2008,75.858055
IT1:150_872(1.2),M,Y,Y25-34,IT,9,2025M1G30,01/10/2008,69.798621
IT1:150_872(1.2),M,Y,Y35-49,IT,9,2025M1G30,01/10/2008,75.573224
IT1:150_872(1.2),M,Y,Y50-64,IT,9,2025M1G30,01/10/2008,47.132933
IT1:150_872(1.2),M,Y,Y25-34,IT,9,2025M1G30,01/11/2008,69.272522
IT1:150_872(1.2),M,Y,Y50-64,IT,9,2025M1G30,01/11/2008,46.888921
IT1:150_872(1.2),M,Y,Y35-49,IT,9,2025M1G30,01/11/2008,75.741984
IT1:150_872(1.2),M,Y,Y50-64,IT,9,2025M1G30,01/12/2008,47.019253
IT1:150_872(1.2),M,Y,Y35-49,IT,9,2025M1G30,01/12/2008,75.330504
IT1:150_872(1.2),M,Y,Y25-34,IT,9,2025M1G30,01/12/2008,69.357077
IT1:150_872(1.2),M,Y,Y25-34,IT,9,2025M1G30,01/01/2009,68.552105
IT1:150_872(1.2),M,Y,Y50-64,IT,9,2025M1G30,01/01/2009,46.964473
IT1:150_872(1.2),M,Y,Y35-49,IT,9,2025M1G30,01/01/2009,75.024179
IT1:150_872(1.2),M,Y,Y50-64,IT,9,2025M1G30,01/02/2009,47.060563
IT1:150_872(1.2),M,Y,Y25-34,IT,9,2025M1G30,01/02/2009,68.469881
IT1:150_872(1.2),M,Y,Y35-49,IT,9,2025M1G30,01/02/2009,75.107746
IT1:150_872(1.2),M,Y,Y25-34,IT,9,2025M1G30,01/03/2009,68.220253
IT1:150_872(1.2),M,Y,Y50-64,IT,9,2025M1G30,01/03/2009,47.042325
IT1:150_872(1.2),M,Y,Y35-49,IT,9,2025M1G30,01/03/2009,74.687888
IT1:150_872(1.2),M,Y,Y35-49,IT,9,2025M1G30,01/04/2009,74.581223
IT1:150_872(1.2),M,Y,Y25-34,IT,9,2025M1G30,01/04/2009,67.811454
IT1:150_872(1.2),M,Y,Y50-64,IT,9,2025M1G30,01/04/2009,47.008689
IT1:150_872(1.2),M,Y,Y50-64,IT,9,2025M1G30,01/05/2009,47.370467
IT1:150_872(1.2),M,Y,Y35-49,IT,9,2025M1G30,01/05/2009,74.690227
IT1:150_872(1.2),M,Y,Y25-34,IT,9,2025M1G30,01/05/2009,67.647441
IT1:150_872(1.2),M,Y,Y35-49,IT,9,2025M1G30,01/06/2009,74.39186
IT1:150_872(1.2),M,Y,Y50-64,IT,9,2025M1G30,01/06/2009,47.362123
IT1:150_872(1.2),M,Y,Y25-34,IT,9,2025M1G30,01/06/2009,66.951833
IT1:150_872(1.2),M,Y,Y35-49,IT,9,2025M1G30,01/07/2009,74.4643
IT1:150_872(1.2),M,Y,Y25-34,IT,9,2025M1G30,01/07/2009,66.843402
IT1:150_872(1.2),M,Y,Y50-64,IT,9,2025M1G30,01/07/2009,47.103023
IT1:150_872(1.2),M,Y,Y35-49,IT,9,2025M1G30,01/08/2009,73.892317
IT1:150_872(1.2),M,Y,Y50-64,IT,9,2025M1G30,01/08/2009,47.041109
IT1:150_872(1.2),M,Y,Y25-34,IT,9,2025M1G30,01/08/2009,66.997433
IT1:150_872(1.2),M,Y,Y25-34,IT,9,2025M1G30,01/09/2009,66.350709
IT1:150_872(1.2),M,Y,Y35-49,IT,9,2025M1G30,01/09/2009,73.647672
IT1:150_872(1.2),M,Y,Y50-64,IT,9,2025M1G30,01/09/2009,46.865262
IT1:150_872(1.2),M,Y,Y35-49,IT,9,2025M1G30,01/10/2009,74.080685
IT1:150_872(1.2),M,Y,Y50-64,IT,9,2025M1G30,01/10/2009,47.024243
IT1:150_872(1.2),M,Y,Y25-34,IT,9,2025M1G30,01/10/2009,66.15982
IT1:150_872(1.2),M,Y,Y50-64,IT,9,2025M1G30,01/11/2009,47.123308
IT1:150_872(1.2),M,Y,Y25-34,IT,9,2025M1G30,01/11/2009,66.039299
IT1:150_872(1.2),M,Y,Y35-49,IT,9,2025M1G30,01/11/2009,73.578365
IT1:150_872(1.2),M,Y,Y50-64,IT,9,2025M1G30,01/12/2009,47.210695
IT1:150_872(1.2),M,Y,Y35-49,IT,9,2025M1G30,01/12/2009,73.675495
IT1:150_872(1.2),M,Y,Y25-34,IT,9,2025M1G30,01/12/2009,65.398756
IT1:150_872(1.2),M,Y,Y25-34,IT,9,2025M1G30,01/01/2010,65.558273
IT1:150_872(1.2),M,Y,Y35-49,IT,9,2025M1G30,01/01/2010,73.779984
IT1:150_872(1.2),M,Y,Y50-64,IT,9,2025M1G30,01/01/2010,47.615411
IT1:150_872(1.2),M,Y,Y50-64,IT,9,2025M1G30,01/02/2010,47.181971
IT1:150_872(1.2),M,Y,Y35-49,IT,9,2025M1G30,01/02/2010,73.713534
IT1:150_872(1.2),M,Y,Y25-34,IT,9,2025M1G30,01/02/2010,65.454774
IT1:150_872(1.2),M,Y,Y35-49,IT,9,2025M1G30,01/03/2010,73.611554
IT1:150_872(1.2),M,Y,Y50-64,IT,9,2025M1G30,01/03/2010,47.544935
IT1:150_872(1.2),M,Y,Y25-34,IT,9,2025M1G30,01/03/2010,64.89841
IT1:150_872(1.2),M,Y,Y35-49,IT,9,2025M1G30,01/04/2010,73.871776
IT1:150_872(1.2),M,Y,Y25-34,IT,9,2025M1G30,01/04/2010,65.447268
IT1:150_872(1.2),M,Y,Y50-64,IT,9,2025M1G30,01/04/2010,47.594207
IT1:150_872(1.2),M,Y,Y35-49,IT,9,2025M1G30,01/05/2010,73.755768
IT1:150_872(1.2),M,Y,Y50-64,IT,9,2025M1G30,01/05/2010,47.33198
IT1:150_872(1.2),M,Y,Y25-34,IT,9,2025M1G30,01/05/2010,65.374234
IT1:150_872(1.2),M,Y,Y50-64,IT,9,2025M1G30,01/06/2010,47.395093
IT1:150_872(1.2),M,Y,Y25-34,IT,9,2025M1G30,01/06/2010,64.846698
IT1:150_872(1.2),M,Y,Y35-49,IT,9,2025M1G30,01/06/2010,73.862288
IT1:150_872(1.2),M,Y,Y35-49,IT,9,2025M1G30,01/07/2010,73.476586
IT1:150_872(1.2),M,Y,Y50-64,IT,9,2025M1G30,01/07/2010,47.529157
IT1:150_872(1.2),M,Y,Y25-34,IT,9,2025M1G30,01/07/2010,65.088705
IT1:150_872(1.2),M,Y,Y25-34,IT,9,2025M1G30,01/08/2010,64.10441
IT1:150_872(1.2),M,Y,Y35-49,IT,9,2025M1G30,01/08/2010,73.661278
IT1:150_872(1.2),M,Y,Y50-64,IT,9,2025M1G30,01/08/2010,47.649528
IT1:150_872(1.2),M,Y,Y35-49,IT,9,2025M1G30,01/09/2010,74.024672
IT1:150_872(1.2),M,Y,Y50-64,IT,9,2025M1G30,01/09/2010,47.763051
IT1:150_872(1.2),M,Y,Y25-34,IT,9,2025M1G30,01/09/2010,65.122561
IT1:150_872(1.2),M,Y,Y35-49,IT,9,2025M1G30,01/10/2010,73.742205
IT1:150_872(1.2),M,Y,Y50-64,IT,9,2025M1G30,01/10/2010,47.751894
IT1:150_872(1.2),M,Y,Y25-34,IT,9,2025M1G30,01/10/2010,64.877688
IT1:150_872(1.2),M,Y,Y50-64,IT,9,2025M1G30,01/11/2010,48.06915
IT1:150_872(1.2),M,Y,Y25-34,IT,9,2025M1G30,01/11/2010,65.275866
IT1:150_872(1.2),M,Y,Y35-49,IT,9,2025M1G30,01/11/2010,73.792846
IT1:150_872(1.2),M,Y,Y25-34,IT,9,2025M1G30,01/12/2010,65.241309
IT1:150_872(1.2),M,Y,Y35-49,IT,9,2025M1G30,01/12/2010,73.986141
IT1:150_872(1.2),M,Y,Y50-64,IT,9,2025M1G30,01/12/2010,48.198871
IT1:150_872(1.2),M,Y,Y50-64,IT,9,2025M1G30,01/01/2011,48.293657
IT1:150_872(1.2),M,Y,Y35-49,IT,9,2025M1G30,01/01/2011,73.688595
IT1:150_872(1.2),M,Y,Y25-34,IT,9,2025M1G30,01/01/2011,65.087973
IT1:150_872(1.2),M,Y,Y50-64,IT,9,2025M1G30,01/02/2011,48.391591
IT1:150_872(1.2),M,Y,Y25-34,IT,9,2025M1G30,01/02/2011,65.017037
IT1:150_872(1.2),M,Y,Y35-49,IT,9,2025M1G30,01/02/2011,73.724577
IT1:150_872(1.2),M,Y,Y35-49,IT,9,2025M1G30,01/03/2011,74.214379
IT1:150_872(1.2),M,Y,Y50-64,IT,9,2025M1G30,01/03/2011,48.465805
IT1:150_872(1.2),M,Y,Y25-34,IT,9,2025M1G30,01/03/2011,65.469722
IT1:150_872(1.2),M,Y,Y25-34,IT,9,2025M1G30,01/04/2011,65.094411
IT1:150_872(1.2),M,Y,Y35-49,IT,9,2025M1G30,01/04/2011,73.872044
IT1:150_872(1.2),M,Y,Y50-64,IT,9,2025M1G30,01/04/2011,48.636735
IT1:150_872(1.2),M,Y,Y35-49,IT,9,2025M1G30,01/05/2011,73.799184
IT1:150_872(1.2),M,Y,Y25-34,IT,9,2025M1G30,01/05/2011,65.033254
IT1:150_872(1.2),M,Y,Y50-64,IT,9,2025M1G30,01/05/2011,48.848093
IT1:150_872(1.2),M,Y,Y25-34,IT,9,2025M1G30,01/06/2011,65.474502
IT1:150_872(1.2),M,Y,Y35-49,IT,9,2025M1G30,01/06/2011,73.951754
IT1:150_872(1.2),M,Y,Y50-64,IT,9,2025M1G30,01/06/2011,48.429599
IT1:150_872(1.2),M,Y,Y50-64,IT,9,2025M1G30,01/07/2011,48.870282
IT1:150_872(1.2),M,Y,Y35-49,IT,9,2025M1G30,01/07/2011,73.949358
IT1:150_872(1.2),M,Y,Y25-34,IT,9,2025M1G30,01/07/2011,65.002075
IT1:150_872(1.2),M,Y,Y25-34,IT,9,2025M1G30,01/08/2011,64.789828
IT1:150_872(1.2),M,Y,Y35-49,IT,9,2025M1G30,01/08/2011,73.703946
IT1:150_872(1.2),M,Y,Y50-64,IT,9,2025M1G30,01/08/2011,48.902098
IT1:150_872(1.2),M,Y,Y25-34,IT,9,2025M1G30,01/09/2011,64.637674
IT1:150_872(1.2),M,Y,Y50-64,IT,9,2025M1G30,01/09/2011,49.049991
IT1:150_872(1.2),M,Y,Y35-49,IT,9,2025M1G30,01/09/2011,73.296104
IT1:150_872(1.2),M,Y,Y25-34,IT,9,2025M1G30,01/10/2011,64.853819
IT1:150_872(1.2),M,Y,Y50-64,IT,9,2025M1G30,01/10/2011,49.457058
IT1:150_872(1.2),M,Y,Y35-49,IT,9,2025M1G30,01/10/2011,73.441252
IT1:150_872(1.2),M,Y,Y35-49,IT,9,2025M1G30,01/11/2011,73.44176
IT1:150_872(1.2),M,Y,Y50-64,IT,9,2025M1G30,01/11/2011,49.075236
IT1:150_872(1.2),M,Y,Y25-34,IT,9,2025M1G30,01/11/2011,64.085754
IT1:150_872(1.2),M,Y,Y35-49,IT,9,2025M1G30,01/12/2011,73.094841
IT1:150_872(1.2),M,Y,Y25-34,IT,9,2025M1G30,01/12/2011,64.406968
IT1:150_872(1.2),M,Y,Y50-64,IT,9,2025M1G30,01/12/2011,49.505495
IT1:150_872(1.2),M,Y,Y50-64,IT,9,2025M1G30,01/01/2012,49.483369
IT1:150_872(1.2),M,Y,Y25-34,IT,9,2025M1G30,01/01/2012,64.453763
IT1:150_872(1.2),M,Y,Y35-49,IT,9,2025M1G30,01/01/2012,73.135363
IT1:150_872(1.2),M,Y,Y25-34,IT,9,2025M1G30,01/02/2012,63.751859
IT1:150_872(1.2),M,Y,Y35-49,IT,9,2025M1G30,01/02/2012,73.370374
IT1:150_872(1.2),M,Y,Y50-64,IT,9,2025M1G30,01/02/2012,49.650562
IT1:150_872(1.2),M,Y,Y25-34,IT,9,2025M1G30,01/03/2012,63.817635
IT1:150_872(1.2),M,Y,Y35-49,IT,9,2025M1G30,01/03/2012,72.933683
IT1:150_872(1.2),M,Y,Y50-64,IT,9,2025M1G30,01/03/2012,49.967829
IT1:150_872(1.2),M,Y,Y25-34,IT,9,2025M1G30,01/04/2012,64.498847
IT1:150_872(1.2),M,Y,Y50-64,IT,9,2025M1G30,01/04/2012,50.087653
IT1:150_872(1.2),M,Y,Y35-49,IT,9,2025M1G30,01/04/2012,72.745189
IT1:150_872(1.2),M,Y,Y35-49,IT,9,2025M1G30,01/05/2012,73.312103
IT1:150_872(1.2),M,Y,Y25-34,IT,9,2025M1G30,01/05/2012,64.047127
IT1:150_872(1.2),M,Y,Y50-64,IT,9,2025M1G30,01/05/2012,50.159738
IT1:150_872(1.2),M,Y,Y35-49,IT,9,2025M1G30,01/06/2012,72.950355
IT1:150_872(1.2),M,Y,Y50-64,IT,9,2025M1G30,01/06/2012,50.729893
IT1:150_872(1.2),M,Y,Y25-34,IT,9,2025M1G30,01/06/2012,62.907831
IT1:150_872(1.2),M,Y,Y35-49,IT,9,2025M1G30,01/07/2012,72.571308
IT1:150_872(1.2),M,Y,Y50-64,IT,9,2025M1G30,01/07/2012,50.581805
IT1:150_872(1.2),M,Y,Y25-34,IT,9,2025M1G30,01/07/2012,63.586136
IT1:150_872(1.2),M,Y,Y50-64,IT,9,2025M1G30,01/08/2012,50.44263
IT1:150_872(1.2),M,Y,Y35-49,IT,9,2025M1G30,01/08/2012,72.747922
IT1:150_872(1.2),M,Y,Y25-34,IT,9,2025M1G30,01/08/2012,62.754541
IT1:150_872(1.2),M,Y,Y25-34,IT,9,2025M1G30,01/09/2012,62.66362
IT1:150_872(1.2),M,Y,Y50-64,IT,9,2025M1G30,01/09/2012,50.588513
IT1:150_872(1.2),M,Y,Y35-49,IT,9,2025M1G30,01/09/2012,72.898018
IT1:150_872(1.2),M,Y,Y35-49,IT,9,2025M1G30,01/10/2012,72.577385
IT1:150_872(1.2),M,Y,Y25-34,IT,9,2025M1G30,01/10/2012,62.206278
IT1:150_872(1.2),M,Y,Y50-64,IT,9,2025M1G30,01/10/2012,50.926928
IT1:150_872(1.2),M,Y,Y35-49,IT,9,2025M1G30,01/11/2012,72.342827
IT1:150_872(1.2),M,Y,Y25-34,IT,9,2025M1G30,01/11/2012,62.489208
IT1:150_872(1.2),M,Y,Y50-64,IT,9,2025M1G30,01/11/2012,50.838511
IT1:150_872(1.2),M,Y,Y50-64,IT,9,2025M1G30,01/12/2012,50.842401
IT1:150_872(1.2),M,Y,Y35-49,IT,9,2025M1G30,01/12/2012,72.461911
IT1:150_872(1.2),M,Y,Y25-34,IT,9,2025M1G30,01/12/2012,62.083428
IT1:150_872(1.2),M,Y,Y35-49,IT,9,2025M1G30,01/01/2013,72.211925
IT1:150_872(1.2),M,Y,Y25-34,IT,9,2025M1G30,01/01/2013,61.27216
IT1:150_872(1.2),M,Y,Y50-64,IT,9,2025M1G30,01/01/2013,50.843853
IT1:150_872(1.2),M,Y,Y50-64,IT,9,2025M1G30,01/02/2013,51.046427
IT1:150_872(1.2),M,Y,Y25-34,IT,9,2025M1G30,01/02/2013,61.779091
IT1:150_872(1.2),M,Y,Y35-49,IT,9,2025M1G30,01/02/2013,71.864264
IT1:150_872(1.2),M,Y,Y25-34,IT,9,2025M1G30,01/03/2013,60.942763
IT1:150_872(1.2),M,Y,Y35-49,IT,9,2025M1G30,01/03/2013,71.656564
IT1:150_872(1.2),M,Y,Y50-64,IT,9,2025M1G30,01/03/2013,51.135172
IT1:150_872(1.2),M,Y,Y35-49,IT,9,2025M1G30,01/04/2013,71.942197
IT1:150_872(1.2),M,Y,Y25-34,IT,9,2025M1G30,01/04/2013,59.943906
IT1:150_872(1.2),M,Y,Y50-64,IT,9,2025M1G30,01/04/2013,51.484331
IT1:150_872(1.2),M,Y,Y25-34,IT,9,2025M1G30,01/05/2013,59.815321
IT1:150_872(1.2),M,Y,Y35-49,IT,9,2025M1G30,01/05/2013,71.519498
IT1:150_872(1.2),M,Y,Y50-64,IT,9,2025M1G30,01/05/2013,51.375691
IT1:150_872(1.2),M,Y,Y50-64,IT,9,2025M1G30,01/06/2013,51.823689
IT1:150_872(1.2),M,Y,Y35-49,IT,9,2025M1G30,01/06/2013,71.403018
IT1:150_872(1.2),M,Y,Y25-34,IT,9,2025M1G30,01/06/2013,59.624618
IT1:150_872(1.2),M,Y,Y35-49,IT,9,2025M1G30,01/07/2013,71.739894
IT1:150_872(1.2),M,Y,Y50-64,IT,9,2025M1G30,01/07/2013,51.754807
IT1:150_872(1.2),M,Y,Y25-34,IT,9,2025M1G30,01/07/2013,59.407205
IT1:150_872(1.2),M,Y,Y50-64,IT,9,2025M1G30,01/08/2013,52.317612
IT1:150_872(1.2),M,Y,Y35-49,IT,9,2025M1G30,01/08/2013,71.508628
IT1:150_872(1.2),M,Y,Y25-34,IT,9,2025M1G30,01/08/2013,58.699501
IT1:150_872(1.2),M,Y,Y35-49,IT,9,2025M1G30,01/09/2013,71.196607
IT1:150_872(1.2),M,Y,Y50-64,IT,9,2025M1G30,01/09/2013,52.272776
IT1:150_872(1.2),M,Y,Y25-34,IT,9,2025M1G30,01/09/2013,58.924732
IT1:150_872(1.2),M,Y,Y25-34,IT,9,2025M1G30,01/10/2013,59.023604
IT1:150_872(1.2),M,Y,Y50-64,IT,9,2025M1G30,01/10/2013,52.445341
IT1:150_872(1.2),M,Y,Y35-49,IT,9,2025M1G30,01/10/2013,71.522775
IT1:150_872(1.2),M,Y,Y35-49,IT,9,2025M1G30,01/11/2013,71.389241
IT1:150_872(1.2),M,Y,Y25-34,IT,9,2025M1G30,01/11/2013,59.02205
IT1:150_872(1.2),M,Y,Y50-64,IT,9,2025M1G30,01/11/2013,52.900736
IT1:150_872(1.2),M,Y,Y25-34,IT,9,2025M1G30,01/12/2013,58.581825
IT1:150_872(1.2),M,Y,Y35-49,IT,9,2025M1G30,01/12/2013,71.380995
IT1:150_872(1.2),M,Y,Y50-64,IT,9,2025M1G30,01/12/2013,52.973589
IT1:150_872(1.2),M,Y,Y50-64,IT,9,2025M1G30,01/01/2014,53.22963
IT1:150_872(1.2),M,Y,Y35-49,IT,9,2025M1G30,01/01/2014,71.065624
IT1:150_872(1.2),M,Y,Y25-34,IT,9,2025M1G30,01/01/2014,58.555923
IT1:150_872(1.2),M,Y,Y25-34,IT,9,2025M1G30,01/02/2014,59.133495
IT1:150_872(1.2),M,Y,Y35-49,IT,9,2025M1G30,01/02/2014,71.184417
IT1:150_872(1.2),M,Y,Y50-64,IT,9,2025M1G30,01/02/2014,53.313302
IT1:150_872(1.2),M,Y,Y50-64,IT,9,2025M1G30,01/03/2014,53.795548
IT1:150_872(1.2),M,Y,Y35-49,IT,9,2025M1G30,01/03/2014,71.447641
IT1:150_872(1.2),M,Y,Y25-34,IT,9,2025M1G30,01/03/2014,59.302966
IT1:150_872(1.2),M,Y,Y25-34,IT,9,2025M1G30,01/04/2014,58.572604
IT1:150_872(1.2),M,Y,Y35-49,IT,9,2025M1G30,01/04/2014,71.151172
IT1:150_872(1.2),M,Y,Y50-64,IT,9,2025M1G30,01/04/2014,53.662722
IT1:150_872(1.2),M,Y,Y35-49,IT,9,2025M1G30,01/05/2014,71.036089
IT1:150_872(1.2),M,Y,Y50-64,IT,9,2025M1G30,01/05/2014,53.93822
IT1:150_872(1.2),M,Y,Y25-34,IT,9,2025M1G30,01/05/2014,59.489905
IT1:150_872(1.2),M,Y,Y50-64,IT,9,2025M1G30,01/06/2014,54.0023
IT1:150_872(1.2),M,Y,Y25-34,IT,9,2025M1G30,01/06/2014,59.77402
IT1:150_872(1.2),M,Y,Y35-49,IT,9,2025M1G30,01/06/2014,71.42588
IT1:150_872(1.2),M,Y,Y50-64,IT,9,2025M1G30,01/07/2014,54.452346
IT1:150_872(1.2),M,Y,Y25-34,IT,9,2025M1G30,01/07/2014,58.973817
IT1:150_872(1.2),M,Y,Y35-49,IT,9,2025M1G30,01/07/2014,71.006661
IT1:150_872(1.2),M,Y,Y50-64,IT,9,2025M1G30,01/08/2014,54.369993
IT1:150_872(1.2),M,Y,Y35-49,IT,9,2025M1G30,01/08/2014,70.77355
IT1:150_872(1.2),M,Y,Y25-34,IT,9,2025M1G30,01/08/2014,59.300348
IT1:150_872(1.2),M,Y,Y50-64,IT,9,2025M1G30,01/09/2014,54.584762
IT1:150_872(1.2),M,Y,Y25-34,IT,9,2025M1G30,01/09/2014,58.584332
IT1:150_872(1.2),M,Y,Y35-49,IT,9,2025M1G30,01/09/2014,71.367373
IT1:150_872(1.2),M,Y,Y50-64,IT,9,2025M1G30,01/10/2014,54.93026
IT1:150_872(1.2),M,Y,Y35-49,IT,9,2025M1G30,01/10/2014,71.169528
IT1:150_872(1.2),M,Y,Y25-34,IT,9,2025M1G30,01/10/2014,59.328957
IT1:150_872(1.2),M,Y,Y35-49,IT,9,2025M1G30,01/11/2014,70.836507
IT1:150_872(1.2),M,Y,Y25-34,IT,9,2025M1G30,01/11/2014,59.214628
IT1:150_872(1.2),M,Y,Y50-64,IT,9,2025M1G30,01/11/2014,54.845969
IT1:150_872(1.2),M,Y,Y50-64,IT,9,2025M1G30,01/12/2014,55.099013
IT1:150_872(1.2),M,Y,Y25-34,IT,9,2025M1G30,01/12/2014,59.818325
IT1:150_872(1.2),M,Y,Y35-49,IT,9,2025M1G30,01/12/2014,71.035962
IT1:150_872(1.2),M,Y,Y50-64,IT,9,2025M1G30,01/01/2015,55.073188
IT1:150_872(1.2),M,Y,Y25-34,IT,9,2025M1G30,01/01/2015,59.343631
IT1:150_872(1.2),M,Y,Y35-49,IT,9,2025M1G30,01/01/2015,71.215433
IT1:150_872(1.2),M,Y,Y35-49,IT,9,2025M1G30,01/02/2015,71.48308
IT1:150_872(1.2),M,Y,Y50-64,IT,9,2025M1G30,01/02/2015,55.480643
IT1:150_872(1.2),M,Y,Y25-34,IT,9,2025M1G30,01/02/2015,59.04812
IT1:150_872(1.2),M,Y,Y35-49,IT,9,2025M1G30,01/03/2015,71.32779
IT1:150_872(1.2),M,Y,Y50-64,IT,9,2025M1G30,01/03/2015,55.290344
IT1:150_872(1.2),M,Y,Y25-34,IT,9,2025M1G30,01/03/2015,59.473746
IT1:150_872(1.2),M,Y,Y35-49,IT,9,2025M1G30,01/04/2015,71.397588
IT1:150_872(1.2),M,Y,Y50-64,IT,9,2025M1G30,01/04/2015,55.855856
IT1:150_872(1.2),M,Y,Y25-34,IT,9,2025M1G30,01/04/2015,59.422505
IT1:150_872(1.2),M,Y,Y35-49,IT,9,2025M1G30,01/05/2015,71.620721
IT1:150_872(1.2),M,Y,Y50-64,IT,9,2025M1G30,01/05/2015,55.685073
IT1:150_872(1.2),M,Y,Y25-34,IT,9,2025M1G30,01/05/2015,58.783839
IT1:150_872(1.2),M,Y,Y25-34,IT,9,2025M1G30,01/06/2015,58.800644
IT1:150_872(1.2),M,Y,Y35-49,IT,9,2025M1G30,01/06/2015,71.470738
IT1:150_872(1.2),M,Y,Y50-64,IT,9,2025M1G30,01/06/2015,56.254381
IT1:150_872(1.2),M,Y,Y50-64,IT,9,2025M1G30,01/07/2015,55.879307
IT1:150_872(1.2),M,Y,Y35-49,IT,9,2025M1G30,01/07/2015,71.581798
IT1:150_872(1.2),M,Y,Y25-34,IT,9,2025M1G30,01/07/2015,59.597356
IT1:150_872(1.2),M,Y,Y50-64,IT,9,2025M1G30,01/08/2015,56.115028
IT1:150_872(1.2),M,Y,Y25-34,IT,9,2025M1G30,01/08/2015,59.753101
IT1:150_872(1.2),M,Y,Y35-49,IT,9,2025M1G30,01/08/2015,71.946309
IT1:150_872(1.2),M,Y,Y35-49,IT,9,2025M1G30,01/09/2015,71.482585
IT1:150_872(1.2),M,Y,Y50-64,IT,9,2025M1G30,01/09/2015,56.396014
IT1:150_872(1.2),M,Y,Y25-34,IT,9,2025M1G30,01/09/2015,60.509189
IT1:150_872(1.2),M,Y,Y35-49,IT,9,2025M1G30,01/10/2015,71.666143
IT1:150_872(1.2),M,Y,Y50-64,IT,9,2025M1G30,01/10/2015,56.365615
IT1:150_872(1.2),M,Y,Y25-34,IT,9,2025M1G30,01/10/2015,60.429955
IT1:150_872(1.2),M,Y,Y50-64,IT,9,2025M1G30,01/11/2015,56.454404
IT1:150_872(1.2),M,Y,Y35-49,IT,9,2025M1G30,01/11/2015,72.036692
IT1:150_872(1.2),M,Y,Y25-34,IT,9,2025M1G30,01/11/2015,59.810103
IT1:150_872(1.2),M,Y,Y50-64,IT,9,2025M1G30,01/12/2015,56.316976
IT1:150_872(1.2),M,Y,Y35-49,IT,9,2025M1G30,01/12/2015,71.84904
IT1:150_872(1.2),M,Y,Y25-34,IT,9,2025M1G30,01/12/2015,60.007277
IT1:150_872(1.2),M,Y,Y35-49,IT,9,2025M1G30,01/01/2016,72.085512
IT1:150_872(1.2),M,Y,Y50-64,IT,9,2025M1G30,01/01/2016,56.915031
IT1:150_872(1.2),M,Y,Y25-34,IT,9,2025M1G30,01/01/2016,60.298806
IT1:150_872(1.2),M,Y,Y25-34,IT,9,2025M1G30,01/02/2016,59.811511
IT1:150_872(1.2),M,Y,Y50-64,IT,9,2025M1G30,01/02/2016,57.013084
IT1:150_872(1.2),M,Y,Y35-49,IT,9,2025M1G30,01/02/2016,71.661699
IT1:150_872(1.2),M,Y,Y50-64,IT,9,2025M1G30,01/03/2016,57.436322
IT1:150_872(1.2),M,Y,Y35-49,IT,9,2025M1G30,01/03/2016,72.05952
IT1:150_872(1.2),M,Y,Y25-34,IT,9,2025M1G30,01/03/2016,59.51035
IT1:150_872(1.2),M,Y,Y35-49,IT,9,2025M1G30,01/04/2016,72.238976
IT1:150_872(1.2),M,Y,Y50-64,IT,9,2025M1G30,01/04/2016,57.460741
IT1:150_872(1.2),M,Y,Y25-34,IT,9,2025M1G30,01/04/2016,59.966644
IT1:150_872(1.2),M,Y,Y35-49,IT,9,2025M1G30,01/05/2016,72.290644
IT1:150_872(1.2),M,Y,Y50-64,IT,9,2025M1G30,01/05/2016,57.70123
IT1:150_872(1.2),M,Y,Y25-34,IT,9,2025M1G30,01/05/2016,60.895602
IT1:150_872(1.2),M,Y,Y25-34,IT,9,2025M1G30,01/06/2016,60.774525
IT1:150_872(1.2),M,Y,Y50-64,IT,9,2025M1G30,01/06/2016,57.839946
IT1:150_872(1.2),M,Y,Y35-49,IT,9,2025M1G30,01/06/2016,72.244517
IT1:150_872(1.2),M,Y,Y25-34,IT,9,2025M1G30,01/07/2016,60.549249
IT1:150_872(1.2),M,Y,Y50-64,IT,9,2025M1G30,01/07/2016,57.810643
IT1:150_872(1.2),M,Y,Y35-49,IT,9,2025M1G30,01/07/2016,72.405716
IT1:150_872(1.2),M,Y,Y35-49,IT,9,2025M1G30,01/08/2016,72.429064
IT1:150_872(1.2),M,Y,Y25-34,IT,9,2025M1G30,01/08/2016,59.437274
IT1:150_872(1.2),M,Y,Y50-64,IT,9,2025M1G30,01/08/2016,57.808409
IT1:150_872(1.2),M,Y,Y50-64,IT,9,2025M1G30,01/09/2016,57.891007
IT1:150_872(1.2),M,Y,Y25-34,IT,9,2025M1G30,01/09/2016,60.325724
IT1:150_872(1.2),M,Y,Y35-49,IT,9,2025M1G30,01/09/2016,72.587466
IT1:150_872(1.2),M,Y,Y25-34,IT,9,2025M1G30,01/10/2016,60.518971
IT1:150_872(1.2),M,Y,Y35-49,IT,9,2025M1G30,01/10/2016,72.442593
IT1:150_872(1.2),M,Y,Y50-64,IT,9,2025M1G30,01/10/2016,58.151268
IT1:150_872(1.2),M,Y,Y25-34,IT,9,2025M1G30,01/11/2016,60.00289
IT1:150_872(1.2),M,Y,Y50-64,IT,9,2025M1G30,01/11/2016,58.39576
IT1:150_872(1.2),M,Y,Y35-49,IT,9,2025M1G30,01/11/2016,72.567555
IT1:150_872(1.2),M,Y,Y35-49,IT,9,2025M1G30,01/12/2016,72.734827
IT1:150_872(1.2),M,Y,Y25-34,IT,9,2025M1G30,01/12/2016,60.945279
IT1:150_872(1.2),M,Y,Y50-64,IT,9,2025M1G30,01/12/2016,58.325379
IT1:150_872(1.2),M,Y,Y25-34,IT,9,2025M1G30,01/01/2017,61.102514
IT1:150_872(1.2),M,Y,Y50-64,IT,9,2025M1G30,01/01/2017,58.358859
IT1:150_872(1.2),M,Y,Y35-49,IT,9,2025M1G30,01/01/2017,72.875419
IT1:150_872(1.2),M,Y,Y50-64,IT,9,2025M1G30,01/02/2017,58.808248
IT1:150_872(1.2),M,Y,Y25-34,IT,9,2025M1G30,01/02/2017,61.054037
IT1:150_872(1.2),M,Y,Y35-49,IT,9,2025M1G30,01/02/2017,72.712172
IT1:150_872(1.2),M,Y,Y35-49,IT,9,2025M1G30,01/03/2017,72.971344
IT1:150_872(1.2),M,Y,Y25-34,IT,9,2025M1G30,01/03/2017,61.053816
IT1:150_872(1.2),M,Y,Y50-64,IT,9,2025M1G30,01/03/2017,58.320008
IT1:150_872(1.2),M,Y,Y35-49,IT,9,2025M1G30,01/04/2017,72.866745
IT1:150_872(1.2),M,Y,Y50-64,IT,9,2025M1G30,01/04/2017,58.753466
IT1:150_872(1.2),M,Y,Y25-34,IT,9,2025M1G30,01/04/2017,61.422158
IT1:150_872(1.2),M,Y,Y25-34,IT,9,2025M1G30,01/05/2017,61.052603
IT1:150_872(1.2),M,Y,Y50-64,IT,9,2025M1G30,01/05/2017,58.67602
IT1:150_872(1.2),M,Y,Y35-49,IT,9,2025M1G30,01/05/2017,72.749061
IT1:150_872(1.2),M,Y,Y25-34,IT,9,2025M1G30,01/06/2017,60.909285
IT1:150_872(1.2),M,Y,Y35-49,IT,9,2025M1G30,01/06/2017,73.041036
IT1:150_872(1.2),M,Y,Y50-64,IT,9,2025M1G30,01/06/2017,58.917354
IT1:150_872(1.2),M,Y,Y25-34,IT,9,2025M1G30,01/07/2017,61.079775
IT1:150_872(1.2),M,Y,Y35-49,IT,9,2025M1G30,01/07/2017,73.106248
IT1:150_872(1.2),M,Y,Y50-64,IT,9,2025M1G30,01/07/2017,58.914981
IT1:150_872(1.2),M,Y,Y35-49,IT,9,2025M1G30,01/08/2017,72.898249
IT1:150_872(1.2),M,Y,Y25-34,IT,9,2025M1G30,01/08/2017,61.824516
IT1:150_872(1.2),M,Y,Y50-64,IT,9,2025M1G30,01/08/2017,58.842292
IT1:150_872(1.2),M,Y,Y50-64,IT,9,2025M1G30,01/09/2017,59.349162
IT1:150_872(1.2),M,Y,Y35-49,IT,9,2025M1G30,01/09/2017,73.165217
IT1:150_872(1.2),M,Y,Y25-34,IT,9,2025M1G30,01/09/2017,61.339164
IT1:150_872(1.2),M,Y,Y25-34,IT,9,2025M1G30,01/10/2017,61.317419
IT1:150_872(1.2),M,Y,Y50-64,IT,9,2025M1G30,01/10/2017,59.317366
IT1:150_872(1.2),M,Y,Y35-49,IT,9,2025M1G30,01/10/2017,73.182127
IT1:150_872(1.2),M,Y,Y50-64,IT,9,2025M1G30,01/11/2017,59.706335
IT1:150_872(1.2),M,Y,Y25-34,IT,9,2025M1G30,01/11/2017,61.845889
IT1:150_872(1.2),M,Y,Y35-49,IT,9,2025M1G30,01/11/2017,73.18952
IT1:150_872(1.2),M,Y,Y35-49,IT,9,2025M1G30,01/12/2017,72.927355
IT1:150_872(1.2),M,Y,Y50-64,IT,9,2025M1G30,01/12/2017,59.3459
IT1:150_872(1.2),M,Y,Y25-34,IT,9,2025M1G30,01/12/2017,61.553783
IT1:150_872(1.2),M,Y,Y25-34,IT,9,2025M1G30,01/01/2018,61.242447
IT1:150_872(1.2),M,Y,Y50-64,IT,9,2025M1G30,01/01/2018,59.551809
IT1:150_872(1.2),M,Y,Y35-49,IT,9,2025M1G30,01/01/2018,72.732374
IT1:150_872(1.2),M,Y,Y35-49,IT,9,2025M1G30,01/02/2018,73.456316
IT1:150_872(1.2),M,Y,Y50-64,IT,9,2025M1G30,01/02/2018,59.452695
IT1:150_872(1.2),M,Y,Y25-34,IT,9,2025M1G30,01/02/2018,61.058835
IT1:150_872(1.2),M,Y,Y50-64,IT,9,2025M1G30,01/03/2018,60.017073
IT1:150_872(1.2),M,Y,Y25-34,IT,9,2025M1G30,01/03/2018,62.023917
IT1:150_872(1.2),M,Y,Y35-49,IT,9,2025M1G30,01/03/2018,73.07284
IT1:150_872(1.2),M,Y,Y25-34,IT,9,2025M1G30,01/04/2018,61.864029
IT1:150_872(1.2),M,Y,Y35-49,IT,9,2025M1G30,01/04/2018,73.332724
IT1:150_872(1.2),M,Y,Y50-64,IT,9,2025M1G30,01/04/2018,60.018547
IT1:150_872(1.2),M,Y,Y50-64,IT,9,2025M1G30,01/05/2018,60.326816
IT1:150_872(1.2),M,Y,Y35-49,IT,9,2025M1G30,01/05/2018,73.604572
IT1:150_872(1.2),M,Y,Y25-34,IT,9,2025M1G30,01/05/2018,62.388658
IT1:150_872(1.2),M,Y,Y35-49,IT,9,2025M1G30,01/06/2018,73.603559
IT1:150_872(1.2),M,Y,Y50-64,IT,9,2025M1G30,01/06/2018,59.955223
IT1:150_872(1.2),M,Y,Y25-34,IT,9,2025M1G30,01/06/2018,62.58891
IT1:150_872(1.2),M,Y,Y25-34,IT,9,2025M1G30,01/07/2018,61.869317
IT1:150_872(1.2),M,Y,Y35-49,IT,9,2025M1G30,01/07/2018,73.550236
IT1:150_872(1.2),M,Y,Y50-64,IT,9,2025M1G30,01/07/2018,60.120163
IT1:150_872(1.2),M,Y,Y50-64,IT,9,2025M1G30,01/08/2018,60.351445
IT1:150_872(1.2),M,Y,Y25-34,IT,9,2025M1G30,01/08/2018,61.718513
IT1:150_872(1.2),M,Y,Y35-49,IT,9,2025M1G30,01/08/2018,73.721295
IT1:150_872(1.2),M,Y,Y25-34,IT,9,2025M1G30,01/09/2018,61.992695
IT1:150_872(1.2),M,Y,Y35-49,IT,9,2025M1G30,01/09/2018,73.69831
IT1:150_872(1.2),M,Y,Y50-64,IT,9,2025M1G30,01/09/2018,60.123488
IT1:150_872(1.2),M,Y,Y50-64,IT,9,2025M1G30,01/10/2018,60.543911
IT1:150_872(1.2),M,Y,Y35-49,IT,9,2025M1G30,01/10/2018,73.689065
IT1:150_872(1.2),M,Y,Y25-34,IT,9,2025M1G30,01/10/2018,61.592193
IT1:150_872(1.2),M,Y,Y50-64,IT,9,2025M1G30,01/11/2018,60.257884
IT1:150_872(1.2),M,Y,Y25-34,IT,9,2025M1G30,01/11/2018,61.806372
IT1:150_872(1.2),M,Y,Y35-49,IT,9,2025M1G30,01/11/2018,73.550296
IT1:150_872(1.2),M,Y,Y25-34,IT,9,2025M1G30,01/12/2018,61.727018
IT1:150_872(1.2),M,Y,Y50-64,IT,9,2025M1G30,01/12/2018,60.425416
IT1:150_872(1.2),M,Y,Y35-49,IT,9,2025M1G30,01/12/2018,73.81682
IT1:150_872(1.2),M,Y,Y25-34,IT,9,2025M1G30,01/01/2019,61.781146
IT1:150_872(1.2),M,Y,Y50-64,IT,9,2025M1G30,01/01/2019,60.287013
IT1:150_872(1.2),M,Y,Y35-49,IT,9,2025M1G30,01/01/2019,73.893655
IT1:150_872(1.2),M,Y,Y35-49,IT,9,2025M1G30,01/02/2019,73.495238
IT1:150_872(1.2),M,Y,Y25-34,IT,9,2025M1G30,01/02/2019,62.447686
IT1:150_872(1.2),M,Y,Y50-64,IT,9,2025M1G30,01/02/2019,60.478351
IT1:150_872(1.2),M,Y,Y25-34,IT,9,2025M1G30,01/03/2019,62.726625
IT1:150_872(1.2),M,Y,Y50-64,IT,9,2025M1G30,01/03/2019,60.543234
IT1:150_872(1.2),M,Y,Y35-49,IT,9,2025M1G30,01/03/2019,73.643627
IT1:150_872(1.2),M,Y,Y25-34,IT,9,2025M1G30,01/04/2019,62.26885
IT1:150_872(1.2),M,Y,Y35-49,IT,9,2025M1G30,01/04/2019,73.937674
IT1:150_872(1.2),M,Y,Y50-64,IT,9,2025M1G30,01/04/2019,60.819943
IT1:150_872(1.2),M,Y,Y25-34,IT,9,2025M1G30,01/05/2019,62.547663
IT1:150_872(1.2),M,Y,Y50-64,IT,9,2025M1G30,01/05/2019,61.10756
IT1:150_872(1.2),M,Y,Y35-49,IT,9,2025M1G30,01/05/2019,73.79947
IT1:150_872(1.2),M,Y,Y50-64,IT,9,2025M1G30,01/06/2019,61.102857
IT1:150_872(1.2),M,Y,Y25-34,IT,9,2025M1G30,01/06/2019,62.894885
IT1:150_872(1.2),M,Y,Y35-49,IT,9,2025M1G30,01/06/2019,74.221284
IT1:150_872(1.2),M,Y,Y25-34,IT,9,2025M1G30,01/07/2019,62.779153
IT1:150_872(1.2),M,Y,Y35-49,IT,9,2025M1G30,01/07/2019,73.844784
IT1:150_872(1.2),M,Y,Y50-64,IT,9,2025M1G30,01/07/2019,60.98561
IT1:150_872(1.2),M,Y,Y25-34,IT,9,2025M1G30,01/08/2019,62.500466
IT1:150_872(1.2),M,Y,Y35-49,IT,9,2025M1G30,01/08/2019,73.897062
IT1:150_872(1.2),M,Y,Y50-64,IT,9,2025M1G30,01/08/2019,60.925342
IT1:150_872(1.2),M,Y,Y35-49,IT,9,2025M1G30,01/09/2019,73.823982
IT1:150_872(1.2),M,Y,Y50-64,IT,9,2025M1G30,01/09/2019,60.853592
IT1:150_872(1.2),M,Y,Y25-34,IT,9,2025M1G30,01/09/2019,62.836196
IT1:150_872(1.2),M,Y,Y25-34,IT,9,2025M1G30,01/10/2019,62.603826
IT1:150_872(1.2),M,Y,Y50-64,IT,9,2025M1G30,01/10/2019,60.916085
IT1:150_872(1.2),M,Y,Y35-49,IT,9,2025M1G30,01/10/2019,73.740318
IT1:150_872(1.2),M,Y,Y25-34,IT,9,2025M1G30,01/11/2019,63.509909
IT1:150_872(1.2),M,Y,Y35-49,IT,9,2025M1G30,01/11/2019,73.873111
IT1:150_872(1.2),M,Y,Y50-64,IT,9,2025M1G30,01/11/2019,60.878769
IT1:150_872(1.2),M,Y,Y25-34,IT,9,2025M1G30,01/12/2019,62.794026
IT1:150_872(1.2),M,Y,Y50-64,IT,9,2025M1G30,01/12/2019,60.863117
IT1:150_872(1.2),M,Y,Y35-49,IT,9,2025M1G30,01/12/2019,73.827587
IT1:150_872(1.2),M,Y,Y25-34,IT,9,2025M1G30,01/01/2020,63.040417
IT1:150_872(1.2),M,Y,Y50-64,IT,9,2025M1G30,01/01/2020,60.903719
IT1:150_872(1.2),M,Y,Y35-49,IT,9,2025M1G30,01/01/2020,74.038422
IT1:150_872(1.2),M,Y,Y35-49,IT,9,2025M1G30,01/02/2020,73.989389
IT1:150_872(1.2),M,Y,Y25-34,IT,9,2025M1G30,01/02/2020,62.908931
IT1:150_872(1.2),M,Y,Y50-64,IT,9,2025M1G30,01/02/2020,60.74088
IT1:150_872(1.2),M,Y,Y25-34,IT,9,2025M1G30,01/03/2020,61.803692
IT1:150_872(1.2),M,Y,Y35-49,IT,9,2025M1G30,01/03/2020,72.036091
IT1:150_872(1.2),M,Y,Y50-64,IT,9,2025M1G30,01/03/2020,60.528534
IT1:150_872(1.2),M,Y,Y35-49,IT,9,2025M1G30,01/04/2020,71.818709
IT1:150_872(1.2),M,Y,Y50-64,IT,9,2025M1G30,01/04/2020,59.694454
IT1:150_872(1.2),M,Y,Y25-34,IT,9,2025M1G30,01/04/2020,58.391533
IT1:150_872(1.2),M,Y,Y35-49,IT,9,2025M1G30,01/05/2020,71.721001
IT1:150_872(1.2),M,Y,Y50-64,IT,9,2025M1G30,01/05/2020,59.518305
IT1:150_872(1.2),M,Y,Y25-34,IT,9,2025M1G30,01/05/2020,58.778707
IT1:150_872(1.2),M,Y,Y25-34,IT,9,2025M1G30,01/06/2020,58.296435
IT1:150_872(1.2),M,Y,Y35-49,IT,9,2025M1G30,01/06/2020,71.441793
IT1:150_872(1.2),M,Y,Y50-64,IT,9,2025M1G30,01/06/2020,59.541745
IT1:150_872(1.2),M,Y,Y25-34,IT,9,2025M1G30,01/07/2020,58.596878
IT1:150_872(1.2),M,Y,Y35-49,IT,9,2025M1G30,01/07/2020,71.860382
IT1:150_872(1.2),M,Y,Y50-64,IT,9,2025M1G30,01/07/2020,59.458728
IT1:150_872(1.2),M,Y,Y50-64,IT,9,2025M1G30,01/08/2020,59.638349
IT1:150_872(1.2),M,Y,Y25-34,IT,9,2025M1G30,01/08/2020,59.869757
IT1:150_872(1.2),M,Y,Y35-49,IT,9,2025M1G30,01/08/2020,72.166058
IT1:150_872(1.2),M,Y,Y50-64,IT,9,2025M1G30,01/09/2020,59.756371
IT1:150_872(1.2),M,Y,Y35-49,IT,9,2025M1G30,01/09/2020,72.17755
IT1:150_872(1.2),M,Y,Y25-34,IT,9,2025M1G30,01/09/2020,59.447791
IT1:150_872(1.2),M,Y,Y25-34,IT,9,2025M1G30,01/10/2020,60.678767
IT1:150_872(1.2),M,Y,Y50-64,IT,9,2025M1G30,01/10/2020,59.916661
IT1:150_872(1.2),M,Y,Y35-49,IT,9,2025M1G30,01/10/2020,72.340609
IT1:150_872(1.2),M,Y,Y50-64,IT,9,2025M1G30,01/11/2020,59.473941
IT1:150_872(1.2),M,Y,Y25-34,IT,9,2025M1G30,01/11/2020,59.80623
IT1:150_872(1.2),M,Y,Y35-49,IT,9,2025M1G30,01/11/2020,72.636747
IT1:150_872(1.2),M,Y,Y25-34,IT,9,2025M1G30,01/12/2020,59.975511
IT1:150_872(1.2),M,Y,Y35-49,IT,9,2025M1G30,01/12/2020,72.080441
IT1:150_872(1.2),M,Y,Y50-64,IT,9,2025M1G30,01/12/2020,59.633751
IT1:150_872(1.2),M,Y,Y50-64,IT,9,2025M1G30,01/01/2021,59.150867
IT1:150_872(1.2),M,Y,Y25-34,IT,9,2025M1G30,01/01/2021,59.532856
IT1:150_872(1.2),M,Y,Y35-49,IT,9,2025M1G30,01/01/2021,72.162297
IT1:150_872(1.2),M,Y,Y35-49,IT,9,2025M1G30,01/02/2021,72.235879
IT1:150_872(1.2),M,Y,Y25-34,IT,9,2025M1G30,01/02/2021,59.994041
IT1:150_872(1.2),M,Y,Y50-64,IT,9,2025M1G30,01/02/2021,59.194533
IT1:150_872(1.2),M,Y,Y35-49,IT,9,2025M1G30,01/03/2021,72.171364
IT1:150_872(1.2),M,Y,Y25-34,IT,9,2025M1G30,01/03/2021,60.548121
IT1:150_872(1.2),M,Y,Y50-64,IT,9,2025M1G30,01/03/2021,59.272632
IT1:150_872(1.2),M,Y,Y35-49,IT,9,2025M1G30,01/04/2021,72.828624
IT1:150_872(1.2),M,Y,Y50-64,IT,9,2025M1G30,01/04/2021,59.7487
IT1:150_872(1.2),M,Y,Y25-34,IT,9,2025M1G30,01/04/2021,61.192096
IT1:150_872(1.2),M,Y,Y35-49,IT,9,2025M1G30,01/05/2021,73.044953
IT1:150_872(1.2),M,Y,Y50-64,IT,9,2025M1G30,01/05/2021,59.735176
IT1:150_872(1.2),M,Y,Y25-34,IT,9,2025M1G30,01/05/2021,62.135611
IT1:150_872(1.2),M,Y,Y25-34,IT,9,2025M1G30,01/06/2021,62.662202
IT1:150_872(1.2),M,Y,Y35-49,IT,9,2025M1G30,01/06/2021,73.634347
IT1:150_872(1.2),M,Y,Y50-64,IT,9,2025M1G30,01/06/2021,60.126524
IT1:150_872(1.2),M,Y,Y25-34,IT,9,2025M1G30,01/07/2021,64.206799
IT1:150_872(1.2),M,Y,Y35-49,IT,9,2025M1G30,01/07/2021,73.79132
IT1:150_872(1.2),M,Y,Y50-64,IT,9,2025M1G30,01/07/2021,60.006403
IT1:150_872(1.2),M,Y,Y50-64,IT,9,2025M1G30,01/08/2021,60.094112
IT1:150_872(1.2),M,Y,Y25-34,IT,9,2025M1G30,01/08/2021,63.209208
IT1:150_872(1.2),M,Y,Y35-49,IT,9,2025M1G30,01/08/2021,73.938557
IT1:150_872(1.2),M,Y,Y50-64,IT,9,2025M1G30,01/09/2021,60.65189
IT1:150_872(1.2),M,Y,Y35-49,IT,9,2025M1G30,01/09/2021,73.932872
IT1:150_872(1.2),M,Y,Y25-34,IT,9,2025M1G30,01/09/2021,63.631427
IT1:150_872(1.2),M,Y,Y35-49,IT,9,2025M1G30,01/10/2021,74.079603
IT1:150_872(1.2),M,Y,Y50-64,IT,9,2025M1G30,01/10/2021,60.468506
IT1:150_872(1.2),M,Y,Y25-34,IT,9,2025M1G30,01/10/2021,64.289661
IT1:150_872(1.2),M,Y,Y35-49,IT,9,2025M1G30,01/11/2021,74.228224
IT1:150_872(1.2),M,Y,Y50-64,IT,9,2025M1G30,01/11/2021,61.377068
IT1:150_872(1.2),M,Y,Y25-34,IT,9,2025M1G30,01/11/2021,64.450257
IT1:150_872(1.2),M,Y,Y35-49,IT,9,2025M1G30,01/12/2021,74.542197
IT1:150_872(1.2),M,Y,Y50-64,IT,9,2025M1G30,01/12/2021,60.633451
IT1:150_872(1.2),M,Y,Y25-34,IT,9,2025M1G30,01/12/2021,64.913829
IT1:150_872(1.2),M,Y,Y35-49,IT,9,2025M1G30,01/01/2022,74.307931
IT1:150_872(1.2),M,Y,Y50-64,IT,9,2025M1G30,01/01/2022,61.031585
IT1:150_872(1.2),M,Y,Y25-34,IT,9,2025M1G30,01/01/2022,64.664058
IT1:150_872(1.2),M,Y,Y50-64,IT,9,2025M1G30,01/02/2022,60.919158
IT1:150_872(1.2),M,Y,Y35-49,IT,9,2025M1G30,01/02/2022,75.03564
IT1:150_872(1.2),M,Y,Y25-34,IT,9,2025M1G30,01/02/2022,65.314087
IT1:150_872(1.2),M,Y,Y50-64,IT,9,2025M1G30,01/03/2022,61.307984
IT1:150_872(1.2),M,Y,Y35-49,IT,9,2025M1G30,01/03/2022,75.199498
IT1:150_872(1.2),M,Y,Y25-34,IT,9,2025M1G30,01/03/2022,66.100262
IT1:150_872(1.2),M,Y,Y50-64,IT,9,2025M1G30,01/04/2022,61.264095
IT1:150_872(1.2),M,Y,Y35-49,IT,9,2025M1G30,01/04/2022,74.989454
IT1:150_872(1.2),M,Y,Y25-34,IT,9,2025M1G30,01/04/2022,66.499347
IT1:150_872(1.2),M,Y,Y50-64,IT,9,2025M1G30,01/05/2022,61.491761
IT1:150_872(1.2),M,Y,Y25-34,IT,9,2025M1G30,01/05/2022,65.476969
IT1:150_872(1.2),M,Y,Y35-49,IT,9,2025M1G30,01/05/2022,75.309934
IT1:150_872(1.2),M,Y,Y35-49,IT,9,2025M1G30,01/06/2022,75.234225
IT1:150_872(1.2),M,Y,Y50-64,IT,9,2025M1G30,01/06/2022,61.742276
IT1:150_872(1.2),M,Y,Y25-34,IT,9,2025M1G30,01/06/2022,66.442861
IT1:150_872(1.2),M,Y,Y50-64,IT,9,2025M1G30,01/07/2022,61.981291
IT1:150_872(1.2),M,Y,Y35-49,IT,9,2025M1G30,01/07/2022,75.216251
IT1:150_872(1.2),M,Y,Y25-34,IT,9,2025M1G30,01/07/2022,65.630595
IT1:150_872(1.2),M,Y,Y25-34,IT,9,2025M1G30,01/08/2022,65.490044
IT1:150_872(1.2),M,Y,Y35-49,IT,9,2025M1G30,01/08/2022,75.066032
IT1:150_872(1.2),M,Y,Y50-64,IT,9,2025M1G30,01/08/2022,61.689572
IT1:150_872(1.2),M,Y,Y50-64,IT,9,2025M1G30,01/09/2022,61.40809
IT1:150_872(1.2),M,Y,Y25-34,IT,9,2025M1G30,01/09/2022,66.929606
IT1:150_872(1.2),M,Y,Y35-49,IT,9,2025M1G30,01/09/2022,75.600163
IT1:150_872(1.2),M,Y,Y35-49,IT,9,2025M1G30,01/10/2022,75.571789
IT1:150_872(1.2),M,Y,Y25-34,IT,9,2025M1G30,01/10/2022,66.607382
IT1:150_872(1.2),M,Y,Y50-64,IT,9,2025M1G30,01/10/2022,62.128983
IT1:150_872(1.2),M,Y,Y35-49,IT,9,2025M1G30,01/11/2022,75.421771
IT1:150_872(1.2),M,Y,Y50-64,IT,9,2025M1G30,01/11/2022,61.9477
IT1:150_872(1.2),M,Y,Y25-34,IT,9,2025M1G30,01/11/2022,67.332278
IT1:150_872(1.2),M,Y,Y50-64,IT,9,2025M1G30,01/12/2022,62.186089
IT1:150_872(1.2),M,Y,Y35-49,IT,9,2025M1G30,01/12/2022,75.941342
IT1:150_872(1.2),M,Y,Y25-34,IT,9,2025M1G30,01/12/2022,66.876577
IT1:150_872(1.2),M,Y,Y50-64,IT,9,2025M1G30,01/01/2023,62.509523
IT1:150_872(1.2),M,Y,Y25-34,IT,9,2025M1G30,01/01/2023,66.940099
IT1:150_872(1.2),M,Y,Y35-49,IT,9,2025M1G30,01/01/2023,76.183448
IT1:150_872(1.2),M,Y,Y25-34,IT,9,2025M1G30,01/02/2023,67.946451
IT1:150_872(1.2),M,Y,Y50-64,IT,9,2025M1G30,01/02/2023,62.747907
IT1:150_872(1.2),M,Y,Y35-49,IT,9,2025M1G30,01/02/2023,75.491088
IT1:150_872(1.2),M,Y,Y35-49,IT,9,2025M1G30,01/03/2023,76.146137
IT1:150_872(1.2),M,Y,Y25-34,IT,9,2025M1G30,01/03/2023,67.33735
IT1:150_872(1.2),M,Y,Y50-64,IT,9,2025M1G30,01/03/2023,62.534276
IT1:150_872(1.2),M,Y,Y35-49,IT,9,2025M1G30,01/04/2023,76.210872
IT1:150_872(1.2),M,Y,Y25-34,IT,9,2025M1G30,01/04/2023,67.234194
IT1:150_872(1.2),M,Y,Y50-64,IT,9,2025M1G30,01/04/2023,62.856187
IT1:150_872(1.2),M,Y,Y50-64,IT,9,2025M1G30,01/05/2023,63.125919
IT1:150_872(1.2),M,Y,Y35-49,IT,9,2025M1G30,01/05/2023,75.964996
IT1:150_872(1.2),M,Y,Y25-34,IT,9,2025M1G30,01/05/2023,68.180175
IT1:150_872(1.2),M,Y,Y50-64,IT,9,2025M1G30,01/06/2023,63.305992
IT1:150_872(1.2),M,Y,Y35-49,IT,9,2025M1G30,01/06/2023,76.488588
IT1:150_872(1.2),M,Y,Y25-34,IT,9,2025M1G30,01/06/2023,68.603492
IT1:150_872(1.2),M,Y,Y25-34,IT,9,2025M1G30,01/07/2023,67.928361
IT1:150_872(1.2),M,Y,Y35-49,IT,9,2025M1G30,01/07/2023,76.21475
IT1:150_872(1.2),M,Y,Y50-64,IT,9,2025M1G30,01/07/2023,63.233658
IT1:150_872(1.2),M,Y,Y25-34,IT,9,2025M1G30,01/08/2023,67.855154
IT1:150_872(1.2),M,Y,Y50-64,IT,9,2025M1G30,01/08/2023,63.729198
IT1:150_872(1.2),M,Y,Y35-49,IT,9,2025M1G30,01/08/2023,76.306377
IT1:150_872(1.2),M,Y,Y25-34,IT,9,2025M1G30,01/09/2023,67.88837
IT1:150_872(1.2),M,Y,Y35-49,IT,9,2025M1G30,01/09/2023,76.575759
IT1:150_872(1.2),M,Y,Y50-64,IT,9,2025M1G30,01/09/2023,64.01254
IT1:150_872(1.2),M,Y,Y25-34,IT,9,2025M1G30,01/10/2023,68.583009
IT1:150_872(1.2),M,Y,Y50-64,IT,9,2025M1G30,01/10/2023,64.050635
IT1:150_872(1.2),M,Y,Y35-49,IT,9,2025M1G30,01/10/2023,76.866984
IT1:150_872(1.2),M,Y,Y35-49,IT,9,2025M1G30,01/11/2023,76.98551
IT1:150_872(1.2),M,Y,Y25-34,IT,9,2025M1G30,01/11/2023,68.800071
IT1:150_872(1.2),M,Y,Y50-64,IT,9,2025M1G30,01/11/2023,63.853394
IT1:150_872(1.2),M,Y,Y25-34,IT,9,2025M1G30,01/12/2023,69.372895
IT1:150_872(1.2),M,Y,Y50-64,IT,9,2025M1G30,01/12/2023,63.82382
IT1:150_872(1.2),M,Y,Y35-49,IT,9,2025M1G30,01/12/2023,76.781746
IT1:150_872(1.2),M,Y,Y25-34,IT,9,2025M1G30,01/01/2024,68.723763
IT1:150_872(1.2),M,Y,Y50-64,IT,9,2025M1G30,01/01/2024,63.858914
IT1:150_872(1.2),M,Y,Y35-49,IT,9,2025M1G30,01/01/2024,76.868378
IT1:150_872(1.2),M,Y,Y35-49,IT,9,2025M1G30,01/02/2024,77.11452
IT1:150_872(1.2),M,Y,Y50-64,IT,9,2025M1G30,01/02/2024,64.17737
IT1:150_872(1.2),M,Y,Y25-34,IT,9,2025M1G30,01/02/2024,68.822716
IT1:150_872(1.2),M,Y,Y35-49,IT,9,2025M1G30,01/03/2024,76.918518
IT1:150_872(1.2),M,Y,Y50-64,IT,9,2025M1G30,01/03/2024,64.425735
IT1:150_872(1.2),M,Y,Y25-34,IT,9,2025M1G30,01/03/2024,68.9989
IT1:150_872(1.2),M,Y,Y25-34,IT,9,2025M1G30,01/04/2024,68.463386
IT1:150_872(1.2),M,Y,Y50-64,IT,9,2025M1G30,01/04/2024,64.688783
IT1:150_872(1.2),M,Y,Y35-49,IT,9,2025M1G30,01/04/2024,77.350839
IT1:150_872(1.2),M,Y,Y50-64,IT,9,2025M1G30,01/05/2024,64.423777
IT1:150_872(1.2),M,Y,Y25-34,IT,9,2025M1G30,01/05/2024,68.580602
IT1:150_872(1.2),M,Y,Y35-49,IT,9,2025M1G30,01/05/2024,77.417983
IT1:150_872(1.2),M,Y,Y25-34,IT,9,2025M1G30,01/06/2024,68.88565
IT1:150_872(1.2),M,Y,Y35-49,IT,9,2025M1G30,01/06/2024,77.100559
IT1:150_872(1.2),M,Y,Y50-64,IT,9,2025M1G30,01/06/2024,64.842386
IT1:150_872(1.2),M,Y,Y50-64,IT,9,2025M1G30,01/07/2024,65.106133
IT1:150_872(1.2),M,Y,Y25-34,IT,9,2025M1G30,01/07/2024,68.592848
IT1:150_872(1.2),M,Y,Y35-49,IT,9,2025M1G30,01/07/2024,77.381504
IT1:150_872(1.2),M,Y,Y25-34,IT,9,2025M1G30,01/08/2024,68.910612
IT1:150_872(1.2),M,Y,Y35-49,IT,9,2025M1G30,01/08/2024,77.486742
IT1:150_872(1.2),M,Y,Y50-64,IT,9,2025M1G30,01/08/2024,64.953436
IT1:150_872(1.2),M,Y,Y35-49,IT,9,2025M1G30,01/09/2024,77.171287
IT1:150_872(1.2),M,Y,Y25-34,IT,9,2025M1G30,01/09/2024,69.065372
IT1:150_872(1.2),M,Y,Y50-64,IT,9,2025M1G30,01/09/2024,65.087778
IT1:150_872(1.2),M,Y,Y25-34,IT,9,2025M1G30,01/10/2024,68.811067
IT1:150_872(1.2),M,Y,Y50-64,IT,9,2025M1G30,01/10/2024,65.426142
IT1:150_872(1.2),M,Y,Y35-49,IT,9,2025M1G30,01/10/2024,77.186295
IT1:150_872(1.2),M,Y,Y25-34,IT,9,2025M1G30,01/11/2024,68.18372
IT1:150_872(1.2),M,Y,Y50-64,IT,9,2025M1G30,01/11/2024,65.612847
IT1:150_872(1.2),M,Y,Y35-49,IT,9,2025M1G30,01/11/2024,77.477404
IT1:150_872(1.2),M,Y,Y25-34,IT,9,2025M1G30,01/12/2024,68.154359
IT1:150_872(1.2),M,Y,Y50-64,IT,9,2025M1G30,01/12/2024,65.435192
IT1:150_872(1.2),M,Y,Y35-49,IT,9,2025M1G30,01/12/2024,77.644271
